Date time,Hydraulic & pumping (MW),Wind (MW),PV (MW),CSP (MW),Biomass & biogas (MW),Cogeneration (MW),Combined cycle (MW),Importation (MW),Exportation (MW),Demand (MW)
01-06-2030 00:00:00,2128.5099999999998,5291.356885991195,1.45391641057949,3511.8615643064118,5000.0,8500.0,0.0,3306.708255878595,0.0,27739.89062258678
01-06-2030 01:00:00,1746.675,5184.089483443041,1.945578964881733,3470.52738759264,5000.0,8500.0,0.0,3396.2200564296254,0.0,27299.457506430186
01-06-2030 02:00:00,1573.7920000000001,4925.998807233911,1.2502276380828468,3181.465003755737,5000.0,8500.0,0.0,3951.5214418488067,0.0,27134.02748047654
01-06-2030 03:00:00,1677.0579999999998,4973.4757521035735,5.415311848100419,2448.378601379211,5000.0,8500.0,0.0,5053.821062078794,0.0,27658.14872740968
01-06-2030 04:00:00,2516.5020000000004,4416.480124408509,35.89839021483949,2016.0723928155448,5000.0,8500.0,0.0,6824.771349667972,0.0,29309.724257106867
01-06-2030 05:00:00,3321.6919999999996,4031.345080580888,1629.8332725088326,1427.6348449502586,5000.0,8500.0,1191.2886500444984,7000.0,0.0,32101.79384808448
01-06-2030 06:00:00,4226.296,3161.8588092283053,6489.657743007802,1687.267737932011,5000.0,8500.0,0.0,5473.205904873612,0.0,34538.286195041735
01-06-2030 07:00:00,4432.095,2650.363810555644,12121.996466328008,6814.006860289432,1566.497488755238,8500.0,0.0,0.0,0.0,36084.95962592832
01-06-2030 08:00:00,4000.62,2846.7784423098556,17004.275868057037,12283.10259968805,0.0,726.3414729358865,0.0,0.0,0.0,36861.11838299083
01-06-2030 09:00:00,4221.261,3011.643025867684,20296.371070406327,10332.792255516324,0.0,0.0,0.0,0.0,0.0,37862.067351790334
01-06-2030 10:00:00,4333.207,3062.8694482080473,22373.076438520464,8774.680795550794,0.0,0.0,0.0,0.0,0.0,38543.833682279306
01-06-2030 11:00:00,4290.693,3189.3240768661285,23175.877104686722,8211.014610235923,0.0,0.0,0.0,0.0,0.0,38866.908791788774
01-06-2030 12:00:00,3896.4710000000005,3525.368776260157,22448.75735312913,8140.162622199396,0.0,0.0,0.0,0.0,0.0,38010.75975158868
01-06-2030 13:00:00,3747.9049999999997,4029.27606329169,20918.16265533082,8805.113058789164,0.0,0.0,0.0,0.0,0.0,37500.45677741167
01-06-2030 14:00:00,3681.781,4455.824983212051,18629.733343832577,10870.716307248485,0.0,0.0,0.0,0.0,0.0,37638.055634293116
01-06-2030 15:00:00,4149.052000000001,5219.605969931679,15504.353889896407,12967.257653248365,0.0,0.0,0.0,0.0,0.0,37840.269513076455
01-06-2030 16:00:00,3759.214,5822.32313221291,11445.482839109673,16371.259437117722,0.0,0.0,0.0,0.0,0.0,37398.27940844031
01-06-2030 17:00:00,3545.3790000000004,6399.111503947152,6864.143063118269,19937.073044877754,0.0,0.0,0.0,0.0,0.0,36745.70661194318
01-06-2030 18:00:00,3605.2110000000002,6271.2801602577465,2441.0202971013277,14371.182801534145,1495.7059316671148,8500.0,0.0,0.0,0.0,36684.400190560336
01-06-2030 19:00:00,3620.4089999999997,6675.96337410752,163.1617305205872,4492.98763361051,5000.0,8500.0,1454.7224284592885,7000.0,0.0,36907.24416669791
01-06-2030 20:00:00,3183.573,7274.755517889702,1.8261752016940458,3565.529549276035,5000.0,8500.0,1392.6776162475726,7000.0,0.0,35918.361858615004
01-06-2030 21:00:00,2165.793,7376.800081751683,2.0158164726391963,3360.429807387353,5000.0,8500.0,0.0,6787.230948847227,0.0,33192.269654458905
01-06-2030 22:00:00,2036.607,7551.59555382344,0.597018815938438,2758.814049129732,5000.0,8500.0,0.0,5457.002124778752,0.0,31304.61574654786
01-06-2030 23:00:00,2008.6150000000002,7192.436637449328,3.8068729204545106,2562.1652499348734,5000.0,8500.0,0.0,4397.30462302285,0.0,29664.32838332751
02-06-2030 00:00:00,1658.5320000000002,6789.676485426979,1.3064176442888173,2024.3018529817666,5000.0,8500.0,0.0,4623.585271653439,0.0,28597.402027706474
02-06-2030 01:00:00,1665.942,6026.925076424185,1.5873676753186703,1529.0184719601946,5000.0,8500.0,0.0,5325.090672600574,0.0,28048.56358866027
02-06-2030 02:00:00,1611.79,5359.553589319409,1.1870138811011295,1267.551426796736,5000.0,8500.0,0.0,6212.726767169857,0.0,27952.80879716711
02-06-2030 03:00:00,1867.0659999999998,4879.732898222749,5.295908084912733,976.5164641983754,5000.0,8500.0,83.08337120050419,7000.0,0.0,28311.69464170654
02-06-2030 04:00:00,2730.504,4563.475025754583,37.45063913627943,802.175108330457,5000.0,8500.0,1295.2170280720711,7000.0,0.0,29928.82180129339
02-06-2030 05:00:00,3365.755,3970.9471326020416,1397.4805730963683,745.5101879092157,5000.0,8500.0,2444.202946186586,7000.0,0.0,32423.89583979421
02-06-2030 06:00:00,4376.843000000001,2975.493408254325,5666.3687958286955,715.3331935234073,5000.0,8500.0,789.4443323793384,7000.0,0.0,35023.48272998577
02-06-2030 07:00:00,5335.629999999999,2231.3670995965203,10824.042441723963,3631.870487621901,5000.0,8500.0,0.0,1073.325688962661,0.0,36596.235717905045
02-06-2030 08:00:00,4955.224,2343.1571490885544,15500.069401923205,10242.31414105789,0.0,4378.923307964666,0.0,0.0,0.0,37419.688000034315
02-06-2030 09:00:00,4572.58,2528.8696952267633,19222.65731306876,11940.2472419021,0.0,0.0,0.0,0.0,0.0,38264.354250197626
02-06-2030 10:00:00,4355.137,3040.372583383845,21544.477535754893,10146.45704826851,0.0,0.0,0.0,0.0,0.0,39086.44416740725
02-06-2030 11:00:00,3651.1949999999997,3904.7997228519735,21926.23243791826,9924.567386307244,0.0,0.0,0.0,0.0,0.0,39406.79454707748
02-06-2030 12:00:00,2839.9569999999994,5175.728602328732,21013.341502092957,9438.70876591893,0.0,0.0,0.0,0.0,0.0,38467.73587034062
02-06-2030 13:00:00,2254.7490000000003,7533.710092642844,19209.417542856474,8712.96821021341,0.0,0.0,0.0,0.0,0.0,37710.84484571273
02-06-2030 14:00:00,1703.7789999999998,9723.718542537568,17224.870808670905,8849.256167562875,0.0,0.0,0.0,0.0,0.0,37501.62451877135
02-06-2030 15:00:00,1663.009,11843.195001715698,13972.544083213894,9966.824848577477,0.0,0.0,0.0,0.0,0.0,37445.572933507065
02-06-2030 16:00:00,1845.855,11555.530593157444,10386.31526962868,13518.132354680089,0.0,0.0,0.0,0.0,0.0,37305.833217466214
02-06-2030 17:00:00,2065.151,10165.559255635384,5896.26318246965,18677.704112501608,0.0,0.0,0.0,0.0,0.0,36804.67755060664
02-06-2030 18:00:00,2076.317,10058.688299679345,1833.0514537035015,17477.718944506894,0.0,4797.218258714296,0.0,0.0,0.0,36242.99395660404
02-06-2030 19:00:00,2319.258,10228.446335948802,94.36409167215193,4535.761446753697,5000.0,8500.0,0.0,5354.192143248525,0.0,36032.022017623174
02-06-2030 20:00:00,2091.643,8910.381731803554,1.601415176870163,3724.4709481466093,5000.0,8500.0,0.0,6860.973774560363,0.0,35089.07086968739
02-06-2030 21:00:00,1955.399,8565.524478312162,2.64093029168062,3302.712844960001,5000.0,8500.0,0.0,5350.2399670395935,0.0,32676.51722060344
02-06-2030 22:00:00,2166.188,8172.977263871761,0.4495200496477651,2446.7451677381446,5000.0,8500.0,0.0,5031.100949844702,0.0,31317.46090150426
02-06-2030 23:00:00,2026.005,7927.823369740656,4.523295499580636,1652.5088237564307,5000.0,8500.0,0.0,4832.947326412515,0.0,29943.807815409185
03-06-2030 00:00:00,2118.327,7611.1789125359,1.706771438506358,1100.4913090237417,5000.0,8500.0,0.0,4003.1508523419034,0.0,28334.85484534005
03-06-2030 01:00:00,1967.1680000000001,7588.431556581357,2.1492677373783766,784.9963697833065,5000.0,8500.0,0.0,3739.889592048792,0.0,27582.634786150837
03-06-2030 02:00:00,1727.726,7194.3103899991265,1.727842690833597,753.1651777694689,5000.0,8500.0,0.0,3967.996989374071,0.0,27144.926399833497
03-06-2030 03:00:00,1618.44,7046.80267216574,4.57246175501086,517.9368907978909,5000.0,8500.0,0.0,4097.510036335632,0.0,26785.262061054273
03-06-2030 04:00:00,1633.46,6652.72884249003,22.405764974630788,248.78717045822893,5000.0,8500.0,0.0,4372.303039111026,0.0,26429.684817033914
03-06-2030 05:00:00,1713.615,6058.12404256387,1078.7287153914483,226.89500687054277,5000.0,8500.0,0.0,4284.191731727031,0.0,26861.554496552893
03-06-2030 06:00:00,2049.366,4905.288910630885,4894.781678109859,344.16308390695326,5000.0,8500.0,0.0,3263.661317397942,0.0,28957.260990045645
03-06-2030 07:00:00,3082.108,4760.765390279438,9763.020602038174,5498.6498141755455,0.0,8209.803118051985,0.0,0.0,0.0,31314.34692454514
03-06-2030 08:00:00,3463.917,4293.01758271679,13699.481724305202,11980.425961732597,0.0,66.24121093722351,0.0,0.0,0.0,33503.08347969181
03-06-2030 09:00:00,3567.268,3999.023835282431,16778.42013811214,9955.160360713959,0.0,0.0,0.0,0.0,0.0,34299.87233410853
03-06-2030 10:00:00,3486.2400000000007,3982.130476767676,19170.281203534018,7996.751671152813,0.0,0.0,0.0,0.0,0.0,34635.40335145451
03-06-2030 11:00:00,3256.652,4325.023248638438,20253.42785816341,7148.871040515004,0.0,0.0,0.0,0.0,0.0,34983.974147316854
03-06-2030 12:00:00,2769.564,5815.826141792875,20178.737292414124,5383.938523144074,0.0,0.0,0.0,0.0,0.0,34148.06595735107
03-06-2030 13:00:00,2016.269,7744.420470166459,19466.402536239482,3194.0791035490447,0.0,0.0,0.0,0.0,0.0,32421.171109954987
03-06-2030 14:00:00,1741.029,8773.384779588978,18111.96350789689,2775.939486154617,0.0,0.0,0.0,0.0,0.0,31402.316773640483
03-06-2030 15:00:00,1623.9609999999998,9814.433806772142,15539.430501270488,4052.3712189821235,0.0,0.0,0.0,0.0,0.0,31030.196527024753
03-06-2030 16:00:00,1731.3829999999998,10624.514232811716,11869.970240992678,6907.868787111356,0.0,0.0,0.0,0.0,0.0,31133.73626091575
03-06-2030 17:00:00,1920.8380000000002,11651.478557933715,7100.955844273332,10737.21856095115,0.0,0.0,0.0,0.0,0.0,31410.490963158198
03-06-2030 18:00:00,2443.427,11031.870009508833,2285.844571212764,16270.198538662631,0.0,0.0,0.0,0.0,0.0,32031.34011938423
03-06-2030 19:00:00,2673.941,11321.99199246398,122.01659847626523,18408.318241385292,0.0,0.0,0.0,0.0,0.0,32526.267832325535
03-06-2030 20:00:00,2020.0040000000001,11966.136837435686,2.310814005220542,18202.479787098586,0.0,0.0,0.0,0.0,0.0,32190.931438539494
03-06-2030 21:00:00,1880.99,12711.961357614939,1.622486429197402,15768.647743047532,0.0,0.0,0.0,0.0,0.0,30363.22158709167
03-06-2030 22:00:00,2124.543,12333.544209771115,0.3020212833570921,14236.908447304568,0.0,0.0,0.0,0.0,0.0,28695.297678359042
03-06-2030 23:00:00,2052.3070000000002,11687.46644111646,3.982466689848169,8148.023902865196,0.0,4874.603765068052,0.0,0.0,0.0,26766.383575739557
04-06-2030 00:00:00,1743.745,10778.60572539376,1.2432038873071003,3438.2532305235973,1072.3746579201688,8500.0,0.0,0.0,0.0,25534.221817724832
04-06-2030 01:00:00,1850.898,9808.29776026433,2.114148983499645,3381.8651632618594,1344.8965261962112,8500.0,0.0,0.0,0.0,24888.0715987059
04-06-2030 02:00:00,1889.5760000000002,8794.857983809661,1.446892659803744,2852.985651334619,2346.8816626825756,8500.0,0.0,0.0,0.0,24385.748190486658
04-06-2030 03:00:00,1799.833,7911.121331223089,3.7436591634727927,1653.7892696191313,4378.299708679899,8500.0,0.0,0.0,0.0,24246.786968685592
04-06-2030 04:00:00,1725.338,7962.539073560643,22.581358744024445,1348.240280133835,4355.281968740352,8500.0,0.0,0.0,0.0,23913.980681178855
04-06-2030 05:00:00,1647.564,8130.263595220795,833.9229058535859,931.2855792646009,3436.934062161503,8500.0,0.0,0.0,0.0,23479.970142500482
04-06-2030 06:00:00,1925.1840000000002,7416.59266879607,4352.154788178801,1012.4035549989296,1233.9077752975809,8500.0,0.0,0.0,0.0,24440.242787271385
04-06-2030 07:00:00,1921.005,7680.894341615004,8651.603350536401,5376.647548111637,0.0,2659.6002371700743,0.0,0.0,0.0,26289.750477433117
04-06-2030 08:00:00,2282.081,7634.253682093882,12445.194358273973,5724.402271801939,0.0,0.0,0.0,0.0,0.0,28085.931312169796
04-06-2030 09:00:00,2750.7419999999997,7083.5223050284585,15344.591654751282,4053.60274402878,0.0,0.0,0.0,0.0,0.0,29232.45870380852
04-06-2030 10:00:00,2722.267,7526.057292755249,17071.816255516613,2366.3749208894333,0.0,0.0,0.0,0.0,0.0,29686.515469161295
04-06-2030 11:00:00,2437.425,8304.903249975254,17565.396293780635,2018.5185669461316,0.0,0.0,0.0,0.0,0.0,30326.24311070202
04-06-2030 12:00:00,2107.928,9216.199844012688,17453.507943923,1375.586977974821,0.0,0.0,0.0,0.0,0.0,30153.22276591051
04-06-2030 13:00:00,1878.791,10738.414719386155,16026.450356309964,249.9630102473584,0.0,0.0,0.0,0.0,0.0,28893.61908594348
04-06-2030 14:00:00,1810.646,12335.250310776983,13744.482895525409,0.0,0.0,0.0,0.0,0.0,-93.07463353171806,27890.379206302394
04-06-2030 15:00:00,1757.9199999999998,13565.272213535003,11190.007952143453,1029.5367906835509,0.0,0.0,0.0,0.0,0.0,27542.736956362005
04-06-2030 16:00:00,1831.2990000000002,13413.074197213806,8478.08158762159,3962.1627467268554,0.0,0.0,0.0,0.0,0.0,27684.61753156225
04-06-2030 17:00:00,1817.536,13488.580507857338,5393.201080658369,7429.236283282147,0.0,0.0,0.0,0.0,0.0,28128.553871797852
04-06-2030 18:00:00,1969.7770000000003,12538.120513158023,2328.387429661459,12331.558739087142,0.0,0.0,0.0,0.0,0.0,29167.843681906626
04-06-2030 19:00:00,2566.171,10782.367037091093,228.29297146408294,17085.137743052772,0.0,0.0,0.0,0.0,0.0,30661.968751607943
04-06-2030 20:00:00,3212.3040000000005,10374.492526793349,1.6786764354033725,17928.8640943395,0.0,0.0,0.0,0.0,0.0,31517.339297568255
04-06-2030 21:00:00,2425.462,11194.701078457358,1.2502276380828468,16175.259097994975,0.0,0.0,0.0,0.0,0.0,29796.672404090416
04-06-2030 22:00:00,1851.625,12032.44795398747,0.723446329901872,14058.281218852462,0.0,0.0,0.0,0.0,0.0,27943.077619169835
04-06-2030 23:00:00,2053.106,12440.29682346085,5.801618140766467,11791.51915363124,0.0,0.0,0.0,0.0,0.0,26290.723595232856
05-06-2030 00:00:00,1800.595,11993.59027084688,1.7770089462638212,11554.34027378322,0.0,0.0,0.0,0.0,0.0,25350.302553576366
05-06-2030 01:00:00,1740.195,11375.054692303145,2.4091465160809906,11633.203150125124,0.0,0.0,0.0,0.0,0.0,24750.86198894435
05-06-2030 02:00:00,1695.086,10622.52016562451,1.8331989524697918,12561.236538850992,0.0,0.0,0.0,0.0,0.0,24880.67590342797
05-06-2030 03:00:00,1738.676,10133.238010336927,7.037798277297822,12179.702996933054,0.0,1167.867163903773,0.0,0.0,0.0,25226.521969451052
05-06-2030 04:00:00,2057.8770000000004,10262.929299978394,32.30925356843311,1966.7440811211284,4275.243133819493,8500.0,0.0,0.0,0.0,27095.10276848745
05-06-2030 05:00:00,2101.574,10709.785752796352,1676.9556164633148,1399.4996426157838,5000.0,8500.0,0.0,520.7659391836132,0.0,29908.580951059062
05-06-2030 06:00:00,2790.1209999999996,10878.618747017543,6494.799128575649,1813.7688678378406,2049.5439595743446,8500.0,0.0,0.0,0.0,32526.851703005374
05-06-2030 07:00:00,2597.5370000000003,10863.0587113698,12282.411910295279,8265.513243205094,0.0,0.0,0.0,0.0,0.0,34008.520864870174
05-06-2030 08:00:00,2649.487,11035.974513778445,17177.910010984262,3945.2467950432583,0.0,0.0,0.0,0.0,0.0,34808.618319805966
05-06-2030 09:00:00,2569.0190000000002,10937.669565531636,20652.390949727353,1193.3170310346213,0.0,0.0,0.0,0.0,0.0,35352.39654629361
05-06-2030 10:00:00,2357.625,10232.617900835983,22927.496206004005,106.74117625736835,0.0,0.0,0.0,0.0,0.0,35624.48028309736
05-06-2030 11:00:00,2504.388,9467.769861348523,24265.310016260402,110.81742492560807,0.0,0.0,0.0,0.0,0.0,36348.28530253453
05-06-2030 12:00:00,2129.939,9708.531285028683,24440.70009688157,0.0,0.0,0.0,0.0,0.0,-592.0213125104456,36279.170381910255
05-06-2030 13:00:00,2105.755,10528.929184318775,23599.57784648284,0.0,0.0,0.0,0.0,0.0,-1210.3900536959627,36234.26203080161
05-06-2030 14:00:00,2071.523,11056.4615324466,21921.069981098088,51.30452261953906,0.0,0.0,0.0,0.0,0.0,35100.35903616423
05-06-2030 15:00:00,1990.6589999999999,11764.010218961248,18795.922310937516,2555.022342383989,0.0,0.0,0.0,0.0,0.0,35105.61387228275
05-06-2030 16:00:00,1785.5620000000001,12930.596722238644,14400.557407986324,5945.107441070055,0.0,0.0,0.0,0.0,0.0,35061.82357129502
05-06-2030 17:00:00,1786.74,13804.867965892077,8971.535198371646,10008.812906648574,0.0,0.0,0.0,0.0,0.0,34571.956070912296
05-06-2030 18:00:00,2243.735,13706.839149599979,3646.4715239887914,15267.818855041449,0.0,0.0,0.0,0.0,0.0,34864.86452863022
05-06-2030 19:00:00,2667.133,12874.772702852408,378.06743300609764,19293.2675650741,0.0,0.0,0.0,0.0,0.0,35213.240700932605
05-06-2030 20:00:00,2585.401,13088.905144243285,5.752451885336244,19176.047872304058,0.0,0.0,0.0,0.0,0.0,34856.10646843268
05-06-2030 21:00:00,2109.2410000000004,12826.690240053498,2.21950524513584,17117.71194263872,0.0,0.0,0.0,0.0,0.0,32055.862687937355
05-06-2030 22:00:00,1947.1,11825.674429189537,0.6883275760231402,16507.62768802911,0.0,0.0,0.0,0.0,0.0,30281.09044479467
05-06-2030 23:00:00,1925.758,10987.475880676366,5.696261879130272,15833.00299174767,0.0,0.0,0.0,0.0,0.0,28751.933134303166
06-06-2030 00:00:00,1686.2559999999999,9784.672699168037,1.7559376939365823,16251.830724489108,0.0,0.0,0.0,0.0,0.0,27724.51536135108
06-06-2030 01:00:00,1695.4679999999998,8382.926306148825,1.9034364602272553,17115.620029930134,0.0,0.0,0.0,0.0,0.0,27195.91777253919
06-06-2030 02:00:00,1629.452,8440.610271487123,2.21950524513584,16926.676953142134,0.0,0.0,0.0,0.0,0.0,26998.958729874394
06-06-2030 03:00:00,1466.246,9534.430087585904,6.651491984631774,16236.07834159536,0.0,0.0,0.0,0.0,0.0,27243.405921165893
06-06-2030 04:00:00,1661.479,9447.888360609617,55.283942355899356,15103.776307782888,0.0,2656.5258683462907,0.0,0.0,0.0,28924.953479094693
06-06-2030 05:00:00,2097.1150000000002,8628.79025387775,1824.1312902183033,1736.2915111509742,5000.0,8500.0,0.0,3987.914341449232,0.0,31774.242396696263
06-06-2030 06:00:00,2918.988,7210.913809961438,6934.345452121855,2659.050013102888,5000.0,8500.0,0.0,1219.4287519223271,0.0,34442.72602710851
06-06-2030 07:00:00,2955.6589999999997,6903.760402514185,12495.133226289532,11592.215540148742,0.0,1930.1388713941615,0.0,0.0,0.0,35876.90704034662
06-06-2030 08:00:00,2853.8119999999994,7022.378800771903,17022.298812547604,9863.760001219018,0.0,0.0,0.0,0.0,0.0,36762.24961453852
06-06-2030 09:00:00,2952.6820000000002,6779.830408870568,20101.39877262238,7697.879989069939,0.0,0.0,0.0,0.0,0.0,37531.79117056289
06-06-2030 10:00:00,2930.748,6808.552076902309,22115.094072527307,6265.354795728535,0.0,0.0,0.0,0.0,0.0,38119.74894515815
06-06-2030 11:00:00,2534.949,7130.058428881011,23427.6574987449,5195.044149765157,0.0,0.0,0.0,0.0,0.0,38287.70907739107
06-06-2030 12:00:00,2395.76,7254.9765804482595,23665.537890017877,4043.6640966649065,0.0,0.0,0.0,0.0,0.0,37359.938567131045
06-06-2030 13:00:00,2170.221,7850.630681802306,22877.852335521024,3702.786536700258,0.0,0.0,0.0,0.0,0.0,36601.490554023585
06-06-2030 14:00:00,1956.4619999999998,8331.256100309825,21252.226289726863,5219.191247542696,0.0,0.0,0.0,0.0,0.0,36759.135637579384
06-06-2030 15:00:00,2003.41,8640.502193499538,18591.833184646654,7694.269745065343,0.0,0.0,0.0,0.0,0.0,36930.01512321154
06-06-2030 16:00:00,2016.356,8827.970149921242,14522.538887708708,11101.892248510823,0.0,0.0,0.0,0.0,0.0,36468.757286140775
06-06-2030 17:00:00,2115.5750000000003,9009.712313024986,9169.11330769339,15893.70949198103,0.0,0.0,0.0,0.0,0.0,36188.1101126994
06-06-2030 18:00:00,2287.07,9045.2583850802,3719.9048383492195,21014.431787864025,0.0,0.0,0.0,0.0,0.0,36066.665011293444
06-06-2030 19:00:00,2801.8120000000004,8716.79350784288,386.0745088904485,24368.091344542365,0.0,0.0,0.0,0.0,0.0,36272.77136127569
06-06-2030 20:00:00,2472.29,8680.568940127527,3.67342165571533,24220.581376623417,0.0,0.0,0.0,0.0,0.0,35377.11373840666
06-06-2030 21:00:00,2124.959,8185.57282574861,2.0790302296209138,22289.94941184591,0.0,0.0,0.0,0.0,0.0,32602.560267824145
06-06-2030 22:00:00,1975.3999999999999,7974.876254822732,0.3792825418903018,11807.62276503104,756.5429633934182,8500.0,0.0,0.0,0.0,31014.82126578908
06-06-2030 23:00:00,1755.3999999999999,7746.700531163897,5.569834365166838,4697.2360520337215,5000.0,8500.0,0.0,1579.1275296312888,0.0,29284.033947194075
07-06-2030 00:00:00,1658.7029999999997,6994.290263864883,1.327488896616056,4698.12198214413,5000.0,8500.0,0.0,1455.359435601993,0.0,28307.80217050762
07-06-2030 01:00:00,1563.822,6707.864504360602,2.0368877249664354,4693.872286145761,5000.0,8500.0,0.0,1212.7401350121327,0.0,27680.335813243462
07-06-2030 02:00:00,1556.202,6195.852744458418,1.8051039493668066,4682.645890527922,5000.0,8500.0,0.0,1616.7408896633606,0.0,27553.246628599067
07-06-2030 03:00:00,1474.79,6101.916598209298,6.356494452050428,4552.3587936658905,5000.0,8500.0,0.0,2347.553562631405,0.0,27982.975448958645
07-06-2030 04:00:00,1574.8119999999997,6057.443574532626,57.79844513361653,3158.416978227126,5000.0,8500.0,0.0,5108.972541212108,0.0,29457.443539105476
07-06-2030 05:00:00,1778.729,5574.486813378938,2111.550195712619,1618.3659078607445,5000.0,8500.0,611.1081221062814,7000.0,0.0,32194.240039058583
07-06-2030 06:00:00,2352.7569999999996,4101.61474594051,7289.754265125394,3139.300267563456,5000.0,8500.0,0.0,4362.9125019940875,0.0,34746.338780623446
07-06-2030 07:00:00,2331.799,3541.654644474556,13021.521204427065,12257.106088010734,0.0,5098.697962089513,0.0,0.0,0.0,36250.77889900187
07-06-2030 08:00:00,2576.5860000000002,3797.4198951508324,17698.124112189915,13069.0516784116,0.0,0.0,0.0,0.0,0.0,37141.18168575235
07-06-2030 09:00:00,2699.162,4254.015916485527,21073.380523724038,9762.914323721126,0.0,0.0,0.0,0.0,0.0,37789.47276393069
07-06-2030 10:00:00,2693.3779999999997,4602.802133218179,23124.70205653463,7837.827977206412,0.0,0.0,0.0,0.0,0.0,38258.710166959216
07-06-2030 11:00:00,2549.4120000000003,4991.0890260716715,24045.9442320323,7022.198069637159,0.0,0.0,0.0,0.0,0.0,38608.64332774113
07-06-2030 12:00:00,2132.5319999999997,5439.657497008811,24175.869573882053,6136.195366733264,0.0,0.0,0.0,0.0,0.0,37884.25443762413
07-06-2030 13:00:00,2393.916,5943.223563839171,23341.160007941584,5875.289437496042,0.0,0.0,0.0,0.0,0.0,37553.589009276795
07-06-2030 14:00:00,2266.4639999999995,6281.297833100296,21500.354333381656,7545.759919703552,0.0,0.0,0.0,0.0,0.0,37593.876086185504
07-06-2030 15:00:00,2289.206,6650.050362529372,18601.44869945865,10129.074212576208,0.0,0.0,0.0,0.0,0.0,37669.77927456423
07-06-2030 16:00:00,2431.444,6877.115641256062,14388.511675405918,13622.190926440457,0.0,0.0,0.0,0.0,0.0,37319.26224310244
07-06-2030 17:00:00,2388.106,7174.570899979783,9101.15149518727,18263.656621765178,0.0,0.0,0.0,0.0,0.0,36927.48501693223
07-06-2030 18:00:00,2638.063,7311.2641070441805,3741.748703261791,23047.235106359272,0.0,0.0,0.0,0.0,0.0,36738.31091666524
07-06-2030 19:00:00,3057.159,7572.952388148924,395.22645615124594,25670.545136296976,0.0,0.0,0.0,0.0,0.0,36695.88298059715
07-06-2030 20:00:00,2822.888,8180.5925887083595,5.94911690705714,25092.072922908264,0.0,0.0,0.0,0.0,0.0,36101.50262852368
07-06-2030 21:00:00,2020.0859999999998,8567.216772720296,2.7673578056440533,5362.9021704781435,5000.0,8500.0,0.0,3819.093013032467,0.0,33272.065314036554
07-06-2030 22:00:00,1955.897,8418.49210191509,0.47059130197500404,4796.259505858896,5000.0,8500.0,0.0,2772.263145713012,0.0,31443.382344788974
07-06-2030 23:00:00,1751.645,8525.672720134624,5.39424059577318,4781.260985942829,5000.0,8500.0,0.0,1205.8414061447147,0.0,29769.81435281794
08-06-2030 00:00:00,1372.579,9219.655438188736,1.4258214074765048,4772.131753008224,4808.097074160607,8500.0,0.0,0.0,0.0,28673.889086765044
08-06-2030 01:00:00,1368.723,9469.505547920968,2.1492677373783766,4753.686411256348,4045.583187800061,8500.0,0.0,0.0,0.0,28139.647414714753
08-06-2030 02:00:00,1356.7089999999998,9204.712754696877,1.7348664416093433,4740.515122193001,4234.576796651681,8500.0,0.0,0.0,0.0,28038.248539983168
08-06-2030 03:00:00,1551.5900000000001,8833.254132111671,5.408288097324673,4683.739460507959,4798.036064572685,8500.0,0.0,0.0,0.0,28372.02794528964
08-06-2030 04:00:00,1642.232,8563.076765770795,46.771156415694804,3602.5517380305514,5000.0,8500.0,0.0,2480.9654558624698,0.0,29835.597116079512
08-06-2030 05:00:00,2068.6059999999998,8628.894789546319,1846.9795514918062,1621.2521020485615,5000.0,8500.0,0.0,4952.203085973157,0.0,32617.935529059847
08-06-2030 06:00:00,2474.014,7860.888983919672,6824.009351185655,2462.3804499210664,5000.0,8500.0,0.0,2004.3673139307466,0.0,35125.66009895714
08-06-2030 07:00:00,2399.717,7509.586021656976,12375.083278030475,11458.094027027599,0.0,2829.8166933167086,0.0,0.0,0.0,36572.29702003176
08-06-2030 08:00:00,2811.282,7633.18268458384,17163.904651937428,10086.321753715973,0.0,0.0,0.0,0.0,0.0,37694.69109023724
08-06-2030 09:00:00,3010.817,7776.29004248186,20771.626142896424,7071.707981076748,0.0,0.0,0.0,0.0,0.0,38630.441166455035
08-06-2030 10:00:00,3115.633,8535.506962464404,22656.98346862691,4990.84966377638,0.0,0.0,0.0,0.0,0.0,39298.973094867695
08-06-2030 11:00:00,3090.054,9657.231884957433,23289.19829970261,3742.819856153059,0.0,0.0,0.0,0.0,0.0,39779.3040408131
08-06-2030 12:00:00,2286.218,11047.441879383205,22884.454661250227,2757.3941976049027,0.0,0.0,0.0,0.0,0.0,38975.508738238335
08-06-2030 13:00:00,2737.384,11608.267851764276,21448.37857764113,2783.0838816245687,0.0,0.0,0.0,0.0,0.0,38577.114311029974
08-06-2030 14:00:00,2819.5840000000003,12418.77233759144,19017.669146678603,4541.208073058246,0.0,0.0,0.0,0.0,0.0,38797.23355732829
08-06-2030 15:00:00,2948.824,13373.577465835175,15066.128031496044,7541.048080759994,0.0,0.0,0.0,0.0,0.0,38929.577578091215
08-06-2030 16:00:00,3055.255,13792.702380916127,10388.977271172686,11320.133432266788,0.0,0.0,0.0,0.0,0.0,38557.0680843556
08-06-2030 17:00:00,2681.169,14640.30519485818,5093.258827530899,15486.842912070186,0.0,0.0,0.0,0.0,0.0,37901.575934459266
08-06-2030 18:00:00,2558.084,13780.94310438782,1522.4050043937923,19403.724784656013,0.0,0.0,0.0,0.0,0.0,37265.15689343763
08-06-2030 19:00:00,2781.6349999999998,12136.735103795896,100.98748865368071,22241.128335549343,0.0,0.0,0.0,0.0,0.0,37260.48592799892
08-06-2030 20:00:00,2856.1349999999998,11174.97145029354,1.6646289338518798,21620.203752777725,0.0,529.4911974558745,0.0,0.0,0.0,36182.46602946099
08-06-2030 21:00:00,2188.539,9429.208033873687,2.992117830467936,3486.8686453322944,5000.0,8500.0,0.0,5009.135841663519,0.0,33616.74363869997
08-06-2030 22:00:00,1990.935,8072.851817094995,0.48463880352649674,2736.506605802792,5000.0,8500.0,0.0,5775.909347150206,0.0,32076.687408851518
08-06-2030 23:00:00,1962.2439999999997,6128.12743782431,4.825316782937729,2212.1121150594972,5000.0,8500.0,0.0,6589.777216855429,0.0,30397.086086522177
09-06-2030 00:00:00,1754.748,4898.245573414749,1.3555838997190415,1774.2411579898244,5000.0,8500.0,342.5984769333809,7000.0,0.0,29271.188792237674
09-06-2030 01:00:00,1673.036,4136.476405222272,1.7770089462638212,954.1467289105469,5000.0,8500.0,1432.5862651192037,7000.0,0.0,28698.022408198285
09-06-2030 02:00:00,1679.749,3585.9107073296723,1.2642751396343392,773.0709199377221,5000.0,8500.0,2036.1931572653848,7000.0,0.0,28576.188059672415
09-06-2030 03:00:00,1835.5430000000001,2994.2546022055617,4.270440471653768,757.6363562954394,5000.0,8500.0,2661.5911002501307,7000.0,0.0,28753.295499222786
09-06-2030 04:00:00,1898.2399999999998,2764.573959393574,32.77282111963237,168.94271925761333,5000.0,8500.0,5101.064079852138,7000.0,0.0,30465.593579622964
09-06-2030 05:00:00,2566.924,2648.943703360008,1228.7209132075113,64.49294350618382,5000.0,8500.0,5961.511859607319,7000.0,0.0,32970.59341968102
09-06-2030 06:00:00,4194.554,1849.2458388174155,5129.410072773665,66.04332119939966,5000.0,8500.0,3462.699301665267,7000.0,0.0,35201.95253445575
09-06-2030 07:00:00,5073.880999999999,1144.4367757676819,10217.780369764645,427.4474356143915,5000.0,8500.0,0.0,6585.1534038195605,0.0,36948.69898496628
09-06-2030 08:00:00,5722.066000000001,847.1787541544652,14900.543106957826,4428.058646378109,3535.647690799926,8500.0,0.0,0.0,0.0,37933.494198290326
09-06-2030 09:00:00,5784.118,922.1821101662082,18339.195892993834,7345.924835642216,0.0,6427.610557239917,0.0,0.0,0.0,38819.03139604218
09-06-2030 10:00:00,5992.693,1131.829379664201,20786.010784485155,9580.946549650573,0.0,2079.9663649914346,0.0,0.0,0.0,39571.44607879136
09-06-2030 11:00:00,5129.784,1451.160206314034,22134.472600917587,10536.65749891231,0.0,480.90932740214885,0.0,0.0,0.0,39732.98363354608
09-06-2030 12:00:00,4059.6539999999995,2002.55232769965,22423.83006162601,10267.01761989501,0.0,0.0,0.0,0.0,0.0,38753.05400922067
09-06-2030 13:00:00,3685.721,2816.8733516150846,21625.756379731833,9848.15527369136,0.0,0.0,0.0,0.0,0.0,37976.506005038274
09-06-2030 14:00:00,3374.129,3647.3914870451913,19859.38139214249,11026.512762069968,0.0,0.0,0.0,0.0,0.0,37907.41464125765
09-06-2030 15:00:00,3215.234,4171.322285535193,16997.17485602276,13608.344748275962,0.0,0.0,0.0,0.0,0.0,37992.07588983391
09-06-2030 16:00:00,3046.0660000000003,4444.809290590345,12745.888152734451,17373.850269016017,0.0,0.0,0.0,0.0,0.0,37610.61371234081
09-06-2030 17:00:00,3082.713,4485.11272175094,7832.107228776198,15001.14576180585,0.0,6742.827703258581,0.0,0.0,0.0,37143.90641559158
09-06-2030 18:00:00,3148.8540000000003,4417.377553261306,2983.0782632195505,8004.530816783494,5000.0,8500.0,0.0,4221.460834290636,0.0,36275.301467554986
09-06-2030 19:00:00,3402.516,4591.814053791944,328.42356252312254,5252.458142087655,5000.0,8500.0,1719.3695160869756,7000.0,0.0,35794.5812744897
09-06-2030 20:00:00,2983.856,5141.835377259551,3.399495375461223,4115.692147840055,5000.0,8500.0,2444.9082297041205,7000.0,0.0,35189.69125017919
09-06-2030 21:00:00,2138.285,5072.305351064322,2.69712029788659,3097.9937761656347,5000.0,8500.0,2276.086308120459,7000.0,0.0,33087.3675556483
09-06-2030 22:00:00,2602.31,4796.5678705783075,0.45654380042351145,2362.8171324348614,5000.0,8500.0,1531.7478294371613,7000.0,0.0,31793.899376250756
09-06-2030 23:00:00,2368.948,4475.239031999059,5.204599324828029,1809.3530599437709,5000.0,8500.0,1023.0877379548256,7000.0,0.0,30181.832429222482
10-06-2030 00:00:00,1773.789,4186.426703457668,1.2712988904100857,1292.7935136144063,5000.0,8500.0,941.7956566363355,7000.0,0.0,28696.076172598823
10-06-2030 01:00:00,1542.411,3950.9472895968324,1.8472464540212845,1146.4281695142488,5000.0,8500.0,689.146119516201,7000.0,0.0,27830.779825081303
10-06-2030 02:00:00,1471.022,3510.039508031707,1.4187976567007583,655.2837432272439,5000.0,8500.0,1119.265521446432,7000.0,0.0,27257.029570362083
10-06-2030 03:00:00,1411.1299999999999,3353.7626282652673,5.654119374475796,208.78881023905785,5000.0,8500.0,1370.9307721972473,7000.0,0.0,26850.266330076047
10-06-2030 04:00:00,1487.0250000000003,3218.8721683908852,45.766760054763076,135.36735233890784,5000.0,8500.0,1389.8619671920642,7000.0,0.0,26776.893247976623
10-06-2030 05:00:00,1375.6019999999999,3119.5475042827684,1741.6232898556113,142.97389289624797,5000.0,8500.0,187.52491238062794,7000.0,0.0,27067.271599415253
10-06-2030 06:00:00,1729.651,2540.2463317606926,6611.871006505788,757.7332549012655,5000.0,8500.0,0.0,4042.354985054957,0.0,29181.856578222705
10-06-2030 07:00:00,2203.3450000000003,2228.9529173639394,12170.797486717893,8443.90370224347,0.0,6766.168002360055,0.0,0.0,0.0,31813.167108685357
10-06-2030 08:00:00,2441.8289999999997,2686.505538684583,16839.091297313036,11911.086490828993,0.0,0.0,0.0,0.0,0.0,33878.51232682661
10-06-2030 09:00:00,2594.61,3255.1085703328667,20158.10853638576,8746.296616302616,0.0,0.0,0.0,0.0,0.0,34754.12372302124
10-06-2030 10:00:00,2805.9700000000003,3417.915970828129,22096.881486765793,6911.740975773282,0.0,0.0,0.0,0.0,0.0,35232.508433367206
10-06-2030 11:00:00,2872.9840000000004,4003.8955919119044,22898.90251659594,5741.849840179467,0.0,0.0,0.0,0.0,0.0,35517.63194868731
10-06-2030 12:00:00,2293.308,4831.893037069756,22874.42474514246,5054.60747024493,0.0,0.0,0.0,0.0,0.0,35054.23325245715
10-06-2030 13:00:00,1853.5240000000001,5480.384987956993,22166.016265651466,4393.37846377401,0.0,0.0,0.0,0.0,0.0,33893.30371738247
10-06-2030 14:00:00,1717.173,5979.9471414441,20400.020560604014,5096.296693770469,0.0,0.0,0.0,0.0,0.0,33193.43739581858
10-06-2030 15:00:00,1520.7240000000002,6506.676734532169,17560.788713271748,7244.026620755881,0.0,0.0,0.0,0.0,0.0,32832.2160685598
10-06-2030 16:00:00,1669.132,6726.805184082399,13412.182222574074,11231.954623925083,0.0,0.0,0.0,0.0,0.0,33040.074030581556
10-06-2030 17:00:00,2081.226,6674.555101138514,8343.078073960969,16307.691018859376,0.0,0.0,0.0,0.0,0.0,33406.55019395886
10-06-2030 18:00:00,2417.882,6862.5082608520615,3347.2878359451006,20605.657128810235,0.0,0.0,0.0,0.0,0.0,33233.3352256074
10-06-2030 19:00:00,2950.4179999999997,7209.775751833825,372.30093361920996,22992.97050363251,0.0,0.0,0.0,0.0,0.0,33525.465189085546
10-06-2030 20:00:00,3050.4849999999997,7693.409036276547,5.211623075603776,22983.828244635253,0.0,0.0,0.0,0.0,0.0,33732.9339039874
10-06-2030 21:00:00,2368.365,8030.858063897372,2.8095003102985316,16565.229311775918,0.0,5139.592184659468,0.0,0.0,0.0,32106.854060643058
10-06-2030 22:00:00,2067.136,7834.068681633201,0.2949975325813458,4330.550963601213,5000.0,8500.0,0.0,2702.4031672647106,0.0,30434.453810031708
10-06-2030 23:00:00,1739.3210000000001,7400.087867389011,5.134361817070566,4189.362773583759,5000.0,8500.0,0.0,1693.042296216383,0.0,28526.948299006224
11-06-2030 00:00:00,1563.357,6847.486682515999,1.1659426287738905,3894.2511482117184,5000.0,8500.0,0.0,1065.0249011936721,0.0,26871.285674550163
11-06-2030 01:00:00,1431.941,6551.72371820041,1.7840326970395677,3775.5711200618443,5000.0,8500.0,0.0,753.3382691510033,0.0,26014.358140110297
11-06-2030 02:00:00,1425.023,5845.808154960743,1.2502276380828468,3267.3863818074396,5000.0,8500.0,0.0,1333.4111221237836,0.0,25372.87888653005
11-06-2030 03:00:00,1413.009,5161.797745213764,5.717333131457512,3104.67285863864,5000.0,8500.0,0.0,1864.9960871565945,0.0,25050.193024140455
11-06-2030 04:00:00,1374.8899999999999,4660.462430103216,46.74306141259182,2575.184269760494,5000.0,8500.0,0.0,2637.1779050958303,0.0,24794.45766637213
11-06-2030 05:00:00,1332.375,4352.7626758598635,1853.827708498159,1369.5026027836525,5000.0,8500.0,0.0,2209.6607339198617,0.0,24618.128721061537
11-06-2030 06:00:00,1456.8899999999999,3714.8169932713313,6755.31004484808,1781.8130919022267,3842.3118629183446,8500.0,0.0,0.0,0.0,26051.14199293998
11-06-2030 07:00:00,1718.579,3132.5829049160457,12249.365162895394,9291.2543248758,0.0,1499.3317359771645,0.0,0.0,0.0,27891.113128664405
11-06-2030 08:00:00,2108.416,3191.0577910674674,16904.8406283248,7713.413838984236,0.0,0.0,0.0,0.0,0.0,29917.728258376505
11-06-2030 09:00:00,2553.195,3570.8713776536647,20095.744653247904,4969.587568158589,0.0,0.0,0.0,0.0,0.0,31189.398599060158
11-06-2030 10:00:00,3040.6180000000004,3919.3380702672985,22023.125079869682,2955.034284033354,0.0,0.0,0.0,0.0,0.0,31938.115434170337
11-06-2030 11:00:00,3221.217,4369.084046754154,23015.531898227207,2160.016489637047,0.0,0.0,0.0,0.0,0.0,32765.84943461841
11-06-2030 12:00:00,3182.8889999999997,4879.492268947933,23129.96986961644,1940.5583301111683,0.0,0.0,0.0,0.0,0.0,33132.90946867554
11-06-2030 13:00:00,2830.419,5653.229785005855,22233.191418070703,1707.6395073974982,0.0,0.0,0.0,0.0,0.0,32424.479710474054
11-06-2030 14:00:00,2442.666,6348.963968601252,20457.910314497716,2552.533282669494,0.0,0.0,0.0,0.0,0.0,31802.073565768464
11-06-2030 15:00:00,2013.5180000000003,7789.702165996201,17536.93605563731,4028.4906761364145,0.0,0.0,0.0,0.0,0.0,31368.646897769926
11-06-2030 16:00:00,1770.525,9106.658297580412,13349.144059361752,7260.261418154714,0.0,0.0,0.0,0.0,0.0,31486.58877509688
11-06-2030 17:00:00,1949.6490000000001,10387.37013773822,8501.330202689309,11001.675819530294,0.0,0.0,0.0,0.0,0.0,31840.025159957826
11-06-2030 18:00:00,2771.787,11482.485801653016,3424.900282017097,14777.808761314842,0.0,0.0,0.0,0.0,0.0,32456.981844984955
11-06-2030 19:00:00,3318.7709999999997,12882.648380674873,325.28394592636397,16910.792013388957,0.0,0.0,0.0,0.0,0.0,33437.49533999019
11-06-2030 20:00:00,3650.4629999999997,14417.38781256541,4.052704197605632,16634.926681191493,0.0,0.0,0.0,0.0,0.0,34706.83019795451
11-06-2030 21:00:00,2481.107,15231.209826591266,2.5847402854746493,15028.566158347936,0.0,0.0,0.0,0.0,0.0,32743.467725224677
11-06-2030 22:00:00,1818.8929999999998,15491.251177823291,0.44249629887201875,13383.300341316844,0.0,0.0,0.0,0.0,0.0,30693.887015439006
11-06-2030 23:00:00,1525.222,14929.965642974741,5.260789331034001,12228.815915694959,0.0,0.0,0.0,0.0,0.0,28689.264348000735
12-06-2030 00:00:00,1447.368,14056.814706108978,1.1729663795496368,11930.338325903494,0.0,0.0,0.0,0.0,0.0,27435.69399839202
12-06-2030 01:00:00,1350.871,13248.124801698461,1.6646289338518798,12374.35960136879,0.0,0.0,0.0,0.0,0.0,26975.020032001103
12-06-2030 02:00:00,1478.752,12541.221080535164,1.3836789028220267,12862.968693628525,0.0,0.0,0.0,0.0,0.0,26884.32545306651
12-06-2030 03:00:00,1469.676,11733.529195903802,5.39424059577318,14176.103189186722,0.0,0.0,0.0,0.0,0.0,27384.702625686296
12-06-2030 04:00:00,1778.3129999999999,11081.271988577026,47.03103519439742,11633.519566786663,0.0,5009.7541395214885,0.0,0.0,0.0,29549.889730079572
12-06-2030 05:00:00,1922.5950000000003,10390.01114264788,1777.8307251045837,1348.1710668439596,5000.0,8500.0,0.0,3708.9103755751275,0.0,32647.518310171552
12-06-2030 06:00:00,2820.93,9422.346154799217,6615.593594416933,2165.5038856571964,5000.0,8500.0,0.0,1342.0237332362049,0.0,35866.39736810955
12-06-2030 07:00:00,3552.7570000000005,8094.662296774638,12197.010124612978,9734.523918555778,0.0,4534.762274856426,0.0,0.0,0.0,38113.71561479982
12-06-2030 08:00:00,4376.0869999999995,7352.003432218992,16925.321885586876,11075.873468101268,0.0,0.0,0.0,0.0,0.0,39729.28578590714
12-06-2030 09:00:00,4792.841,7204.779735824733,20259.468283830553,8674.386496034946,0.0,0.0,0.0,0.0,0.0,40931.47551569023
12-06-2030 10:00:00,5031.658,7325.098317975004,22290.800221933376,7009.864854378418,0.0,0.0,0.0,0.0,0.0,41657.4213942868
12-06-2030 11:00:00,5181.757,7598.810173336131,23239.463120459553,6266.803693354768,0.0,0.0,0.0,0.0,0.0,42286.83398715045
12-06-2030 12:00:00,4801.51,7980.964964424021,23294.374804024337,5713.304893721251,0.0,0.0,0.0,0.0,0.0,41790.15466216961
12-06-2030 13:00:00,4624.664,8270.384783265768,22464.771504897835,6137.425916288101,0.0,0.0,0.0,0.0,0.0,41497.2462044517
12-06-2030 14:00:00,4695.438999999999,8744.128598987769,20545.86172171161,7630.148008199172,0.0,0.0,0.0,0.0,0.0,41615.57732889855
12-06-2030 15:00:00,4658.308,9535.601676022301,17211.511634695435,10485.742979063589,0.0,0.0,0.0,0.0,0.0,41891.16428978132
12-06-2030 16:00:00,4373.907,10646.111696412017,12964.361920614041,13366.508670346657,0.0,0.0,0.0,0.0,0.0,41350.889287372716
12-06-2030 17:00:00,3905.083,11991.552811495363,7863.959938544208,16800.51113107445,0.0,0.0,0.0,0.0,0.0,40561.10688111402
12-06-2030 18:00:00,3542.0039999999995,12482.195902845433,2867.010781650343,20883.811637998504,0.0,0.0,0.0,0.0,0.0,39775.02232249428
12-06-2030 19:00:00,3481.6830000000004,12455.284871488127,218.89519292613434,23305.815326567856,0.0,0.0,0.0,0.0,0.0,39461.67839098211
12-06-2030 20:00:00,3422.733,12609.611076231673,2.6900965471108433,22632.58009362581,0.0,0.0,0.0,0.0,0.0,38667.6142664046
12-06-2030 21:00:00,2077.421,12678.505998931078,3.0412840858981607,12674.59859250074,0.0,8310.217649826205,0.0,0.0,0.0,35743.78452534392
12-06-2030 22:00:00,1421.3700000000001,12303.23872774202,0.8077313392108278,4488.101175345285,5000.0,8500.0,0.0,1860.7980682053458,0.0,33574.31570263186
12-06-2030 23:00:00,1393.5749999999998,12047.368941397177,5.668166876027288,4430.003539823616,5000.0,8500.0,0.0,514.7901316866064,0.0,31891.40577978343
13-06-2030 00:00:00,1327.14,12252.29435446968,1.7137951892821042,4102.65928535646,4376.178571181112,8500.0,0.0,0.0,0.0,30559.986006196534
13-06-2030 01:00:00,1527.629,11673.939920078028,2.2756952513418107,3631.0122428274417,4612.648804891342,8500.0,0.0,0.0,0.0,29947.505663048152
13-06-2030 02:00:00,1474.458,10687.781980748412,1.8331989524697918,3573.9943346278346,5000.0,8500.0,0.0,397.6512056868087,0.0,29635.718720015524
13-06-2030 03:00:00,1439.4010000000003,9925.622283077135,5.956140657832887,3287.5966624511466,5000.0,8500.0,0.0,1710.8855293239067,0.0,29869.46161551002
13-06-2030 04:00:00,1562.6219999999998,9353.463066326443,52.432299540946346,2223.6015211788645,5000.0,8500.0,0.0,4519.661421407625,0.0,31211.78030845388
13-06-2030 05:00:00,2184.065,8728.686905606331,1822.8529675771174,1247.507258048731,5000.0,8500.0,0.0,6500.886165084863,0.0,33983.99829631704
13-06-2030 06:00:00,2788.038,7420.034456374384,6313.186004767175,1975.2157878019148,5000.0,8500.0,0.0,4971.881715577307,0.0,36968.35596452078
13-06-2030 07:00:00,3608.3010000000004,6421.691208357766,11728.392496605959,7924.014996671082,1133.116395828274,8500.0,0.0,0.0,0.0,39315.51609746308
13-06-2030 08:00:00,2907.929,7134.373976858861,16381.472863020836,12107.065518218178,0.0,2261.0890651114805,0.0,0.0,0.0,40791.93042320936
13-06-2030 09:00:00,2943.345,7964.187975804464,19559.2705689964,11440.514500455913,0.0,0.0,0.0,0.0,0.0,41907.318045256776
13-06-2030 10:00:00,2754.7039999999997,8796.512803166797,21530.93574425926,9892.286477011725,0.0,0.0,0.0,0.0,0.0,42974.43902443778
13-06-2030 11:00:00,2971.877,8719.02031482048,22558.45429274474,9263.80543080158,0.0,0.0,0.0,0.0,0.0,43513.1570383668
13-06-2030 12:00:00,2722.84,8631.095955699555,22922.305654180727,8479.635156738717,0.0,0.0,0.0,0.0,0.0,42755.876766619
13-06-2030 13:00:00,2738.439,8420.813582705734,22250.785913763946,8980.33522457174,0.0,0.0,0.0,0.0,0.0,42390.37372104142
13-06-2030 14:00:00,2967.733,7989.416574609162,20628.538292092922,11085.72227490059,0.0,0.0,0.0,0.0,0.0,42671.410141602675
13-06-2030 15:00:00,3378.195,8024.976453262111,17873.837285346763,13556.522828428362,0.0,0.0,0.0,0.0,0.0,42833.53156703724
13-06-2030 16:00:00,3193.482,8740.465905845693,13733.00608675784,16565.38539776219,0.0,0.0,0.0,0.0,0.0,42232.33939036572
13-06-2030 17:00:00,3048.2219999999998,9043.138086142271,8478.685630188304,20840.39838038545,0.0,0.0,0.0,0.0,0.0,41410.444096716026
13-06-2030 18:00:00,3605.965,8610.315053736746,3280.9766048712795,25257.695288211675,0.0,0.0,0.0,0.0,0.0,40754.9519468197
13-06-2030 19:00:00,4035.615,8524.392651287444,295.69990765892044,12636.40756866653,5000.0,8500.0,0.0,1118.6328357873153,0.0,40110.74796340021
13-06-2030 20:00:00,3885.9159999999997,7881.955879692713,5.085195561640343,4560.4844338973,5000.0,8500.0,2659.3766514217423,7000.0,0.0,39492.81816057339
13-06-2030 21:00:00,2427.043,7569.015535423242,2.577716534698903,4499.673637412502,5000.0,8500.0,1550.6323034678717,7000.0,0.0,36548.94219283831
13-06-2030 22:00:00,2880.821,7154.403405430645,0.42142504654477975,4462.748347263813,5000.0,8500.0,0.0,6342.349103956083,0.0,34340.74328169708
13-06-2030 23:00:00,2558.258,6402.099646171304,5.099243063191835,4428.59851003914,5000.0,8500.0,0.0,5581.4156839061325,0.0,32475.471083179767
14-06-2030 00:00:00,1501.027,5834.4650487356,1.3555838997190415,4334.163897332725,5000.0,8500.0,0.0,5823.763509146644,0.0,30994.775039114687
14-06-2030 01:00:00,1417.053,5173.943606478662,1.5803439245429243,3783.108447329308,5000.0,8500.0,0.0,6450.9469600893935,0.0,30326.632357821905
14-06-2030 02:00:00,1398.4470000000001,4828.69582350847,1.348560148943295,3611.937060137697,5000.0,8500.0,0.0,6662.934180957389,0.0,30003.362624752503
14-06-2030 03:00:00,1725.4350000000002,4345.058594323537,5.724356882233258,3001.3235741962344,5000.0,8500.0,627.8403545738802,7000.0,0.0,30205.38187997589
14-06-2030 04:00:00,1934.536,3911.282906674274,48.45685660187392,1784.6854434320687,5000.0,8500.0,3631.6757956978545,7000.0,0.0,31810.637002406074
14-06-2030 05:00:00,2507.213,3216.736090484116,1713.5704292572805,1128.0451197232608,5000.0,8500.0,5603.119340740526,7000.0,0.0,34668.68398020518
14-06-2030 06:00:00,3226.0310000000004,2336.5240650622704,6421.26748170436,1611.8944652573662,5000.0,8500.0,3540.197763109725,7000.0,0.0,37635.91477513372
14-06-2030 07:00:00,4185.812999999999,1453.3515106117447,11981.331809542138,7403.26804630424,5000.0,8500.0,0.0,1075.318257845467,0.0,39599.08262430359
14-06-2030 08:00:00,4689.661,1117.2890598777713,16654.35962816013,12240.951706153744,0.0,6476.580666189282,0.0,0.0,0.0,41178.84206038093
14-06-2030 09:00:00,4679.106,979.0100664449136,19949.68575586626,14106.568249437478,0.0,2671.7219309739885,0.0,0.0,0.0,42386.09200272264
14-06-2030 10:00:00,4716.9259999999995,1068.8239570844783,21964.083430848757,14981.431154795402,0.0,655.9710523534486,0.0,0.0,0.0,43387.235595082086
14-06-2030 11:00:00,4631.231,1775.0748234120038,22917.49438489934,14729.631832464063,0.0,0.0,0.0,0.0,0.0,44053.432040775406
14-06-2030 12:00:00,4290.369000000001,2778.6172416615314,22977.842451564553,13540.285297919994,0.0,0.0,0.0,0.0,0.0,43587.11399114608
14-06-2030 13:00:00,4101.102999999999,3665.835129248515,22120.502360624625,13678.264909678926,0.0,0.0,0.0,0.0,0.0,43565.70539955207
14-06-2030 14:00:00,4126.646,4168.154657540484,20301.421147214085,15133.745879391492,0.0,0.0,0.0,0.0,0.0,43729.96768414606
14-06-2030 15:00:00,4719.655,4354.2301199620215,17391.00358576963,17054.82856757402,0.0,494.0115612408699,0.0,0.0,0.0,44013.72883454654
14-06-2030 16:00:00,4974.184,4805.335060140256,12948.705980134902,13934.351741568744,0.0,6700.525491804927,0.0,0.0,0.0,43363.10227364883
14-06-2030 17:00:00,4630.661,5166.649778132188,7712.3593018004985,12230.410522105676,4235.343614699237,8500.0,0.0,0.0,0.0,42475.4242167376
14-06-2030 18:00:00,3939.1270000000004,5389.993192583649,3001.3259677349392,8442.886266882297,5000.0,8500.0,231.3094725287374,7000.0,0.0,41504.64189972963
14-06-2030 19:00:00,4137.792,6098.711495163591,326.66762482918597,5250.001070297068,5000.0,8500.0,4630.759233236906,7000.0,0.0,40943.93142352675
14-06-2030 20:00:00,3795.2589999999996,7149.3738591127685,4.91662554302243,4154.956847186544,5000.0,8500.0,4506.630878677781,7000.0,0.0,40111.137210520115
14-06-2030 21:00:00,2305.482,7311.120123953512,2.3178377559962886,4113.062042824779,5000.0,8500.0,2914.259893776649,7000.0,0.0,37146.24189831093
14-06-2030 22:00:00,2250.8769999999995,7028.293941715948,0.45654380042351145,4021.3475124104793,5000.0,8500.0,1159.83894575647,7000.0,0.0,34960.81394368332
14-06-2030 23:00:00,1770.549,6714.629737250924,2.8305715626257704,3883.8137840984614,5000.0,8500.0,100.9111859284094,7000.0,0.0,32972.73427884042
15-06-2030 00:00:00,1572.983,6409.21398874722,1.1799901303253832,2912.5506086016526,5000.0,8500.0,6.778433281171601,7000.0,0.0,31402.70602076037
15-06-2030 01:00:00,1599.77,5610.208426462499,1.411773905925012,2340.551217081847,5000.0,8500.0,648.1735519069916,7000.0,0.0,30700.114969357266
15-06-2030 02:00:00,1666.395,4867.210314076786,1.1659426287738905,1611.0708271078452,5000.0,8500.0,1719.131115317774,7000.0,0.0,30364.97319913118
15-06-2030 03:00:00,1394.2050000000002,4335.668135492394,3.483780384770179,960.5420368950622,5000.0,8500.0,3496.484838587752,7000.0,0.0,30690.38379135998
15-06-2030 04:00:00,1658.371,4067.0864173755017,40.09859317873579,895.6545776365869,5000.0,8500.0,4729.02745023293,7000.0,0.0,31890.238038423755
15-06-2030 05:00:00,1978.799,3676.8291257880646,1507.8588165372219,852.3685861483198,5000.0,8500.0,5922.783403876059,7000.0,0.0,34438.63893234966
15-06-2030 06:00:00,3317.076,2889.4664701364563,6175.773344590475,996.885935408796,5000.0,8500.0,3401.719651657477,7000.0,0.0,37280.9214017932
15-06-2030 07:00:00,3977.6839999999997,2193.320060980103,11522.175173830046,5304.596513351025,5000.0,8500.0,0.0,3181.297159280013,0.0,39679.07290744119
15-06-2030 08:00:00,4187.312,1898.7858838629606,15890.632087559354,11924.840768633416,0.0,7397.159433251598,0.0,0.0,0.0,41298.730173307325
15-06-2030 09:00:00,3899.386,1843.654166734598,19113.093824717893,14086.579451321375,0.0,3516.751642048219,0.0,0.0,0.0,42459.465084822084
15-06-2030 10:00:00,4555.212,1882.8116502831595,21171.8254145969,14653.374003442525,0.0,1417.3102315973247,0.0,0.0,0.0,43680.53329991991
15-06-2030 11:00:00,4302.214,2454.919585385117,22193.289489913688,14928.81521183189,0.0,672.6246906650304,0.0,0.0,0.0,44551.862977795725
15-06-2030 12:00:00,3973.327,3508.710129906903,22320.468545210122,14342.983309512583,0.0,0.0,0.0,0.0,0.0,44145.48898462961
15-06-2030 13:00:00,3196.933,4921.059989986866,21379.63010504813,14411.009017140997,0.0,0.0,0.0,0.0,0.0,43908.63211217599
15-06-2030 14:00:00,2798.626,7178.525504045409,18941.700258288132,15160.144373880577,0.0,33.99071390462086,0.0,0.0,0.0,44112.98685011874
15-06-2030 15:00:00,2342.231,10198.981084010458,14823.857795988226,14384.847202711746,0.0,2422.0407060717735,0.0,0.0,0.0,44171.9577887822
15-06-2030 16:00:00,2236.977,13231.738342557705,9879.081059856606,13384.777455968666,0.0,4752.946634471569,0.0,0.0,0.0,43485.52049285454
15-06-2030 17:00:00,2139.529,14530.337616267212,5326.2225932608535,10945.313526325446,1137.5612147750562,8500.0,0.0,0.0,0.0,42578.963950628575
15-06-2030 18:00:00,2200.639,14402.932304736498,2154.135196665969,7705.557089836389,5000.0,8500.0,0.0,1728.6061731583086,0.0,41691.86976439717
15-06-2030 19:00:00,1800.4859999999999,14973.093509557772,315.21188731394375,5080.200106244995,5000.0,8500.0,0.0,5502.260238426341,0.0,41171.25174154305
15-06-2030 20:00:00,1731.953,15248.888188805828,5.1975755740522835,4036.442930932371,5000.0,8500.0,0.0,5515.08780954848,0.0,40037.56950486073
15-06-2030 21:00:00,1621.636,15551.04163550178,1.4398689090279972,3526.8462415645026,5000.0,8500.0,0.0,3120.2447327265836,0.0,37321.2084787019
15-06-2030 22:00:00,1404.829,17145.910772900876,0.5057100558537357,3068.8757451149245,5000.0,8500.0,0.0,260.49573441403845,0.0,35380.61696248569
15-06-2030 23:00:00,1518.847,16113.672327443974,5.092219312416088,2762.198579004654,4339.16918308477,8500.0,0.0,0.0,0.0,33238.97930884582
16-06-2030 00:00:00,1451.969,13337.571831312485,1.2502276380828468,2358.4843804886423,5000.0,8500.0,0.0,1014.0315280881387,0.0,31663.30696752735
16-06-2030 01:00:00,1398.698,10960.304496333194,1.6505814323003871,1710.5718526331614,5000.0,8500.0,0.0,3432.892039593411,0.0,31004.11696999207
16-06-2030 02:00:00,1409.809,9848.678113898022,1.3555838997190415,865.5467965406543,5000.0,8500.0,0.0,4895.866423428983,0.0,30521.25591776738
16-06-2030 03:00:00,1192.4550000000002,10029.187545061108,5.415311848100419,274.23689714552637,5000.0,8500.0,0.0,5639.070782399267,0.0,30640.365536454003
16-06-2030 04:00:00,1667.6580000000001,10112.155335595044,54.93275481711204,207.23151121685444,5000.0,8500.0,0.0,6605.552783042662,0.0,32147.53038467167
16-06-2030 05:00:00,1676.306,10090.774832816302,1454.6187856570646,208.49811442157988,5000.0,8500.0,893.9904717066602,7000.0,0.0,34824.1882046016
16-06-2030 06:00:00,2038.64,9717.612081596331,5941.798158748813,246.1293801270018,5000.0,8500.0,0.0,6217.620088134303,0.0,37661.79970860645
16-06-2030 07:00:00,2809.76,9044.479298493707,11359.694747134708,3516.5680680179603,4878.104990594427,8500.0,0.0,0.0,0.0,40108.60710424081
16-06-2030 08:00:00,3553.831,8219.771768339077,15779.242424006792,10366.974197453026,0.0,3884.9320393666385,0.0,0.0,0.0,41804.75142916553
16-06-2030 09:00:00,3632.2380000000003,7416.864856008568,19259.93938218642,12551.542003674684,0.0,0.0,0.0,0.0,0.0,42860.58424186967
16-06-2030 10:00:00,4586.686,6733.0891584230885,21492.157616226363,11316.429336704969,0.0,0.0,0.0,0.0,0.0,44128.36211135442
16-06-2030 11:00:00,4714.371999999999,6454.430596330495,22504.652361802524,11280.305670950096,0.0,0.0,0.0,0.0,0.0,44953.76062908312
16-06-2030 12:00:00,4147.714,6384.626410551664,22669.89312255273,11152.086531346686,0.0,0.0,0.0,0.0,0.0,44354.32006445108
16-06-2030 13:00:00,3931.391,7132.898643272283,21962.66463319206,10826.21012112719,0.0,0.0,0.0,0.0,0.0,43853.164397591536
16-06-2030 14:00:00,3951.9709999999995,7987.329805980018,19974.325073587577,12125.40401777186,0.0,0.0,0.0,0.0,0.0,44039.02989733945
16-06-2030 15:00:00,3574.905,8497.233101170903,16780.871427132875,14931.647376186946,0.0,0.0,0.0,0.0,0.0,43784.65690449072
16-06-2030 16:00:00,3192.7,9205.625962518516,12153.406679797146,18551.352555246052,0.0,0.0,0.0,0.0,0.0,43103.08519756171
16-06-2030 17:00:00,3260.346,10240.838743601831,6966.507206923997,21471.2749257284,0.0,359.7391480528677,0.0,0.0,0.0,42298.706024307096
16-06-2030 18:00:00,3359.1949999999997,10958.055993273438,2540.4274418304653,7161.422968820543,5000.0,8500.0,0.0,3393.6902500110373,0.0,40912.791653935485
16-06-2030 19:00:00,2833.708,11835.441610901746,248.60565870754132,4809.257761697553,5000.0,8500.0,0.0,6618.852267007598,0.0,39845.86529831444
16-06-2030 20:00:00,2416.639,12947.31453972505,6.8341095048011775,4274.072919062635,5000.0,8500.0,0.0,5861.39869241722,0.0,39006.25926070971
16-06-2030 21:00:00,1795.614,13100.181189850857,2.6479540424563663,4085.5912880731107,5000.0,8500.0,0.0,4443.839832085683,0.0,36927.87426405211
16-06-2030 22:00:00,2215.826,12536.481472769728,0.35821128956306275,3132.150534719296,5000.0,8500.0,0.0,4308.950051659354,0.0,35693.76627043794
16-06-2030 23:00:00,2572.419,12153.876981069885,3.3503291200309993,2570.8861244592126,5000.0,8500.0,0.0,2929.482115939085,0.0,33730.01455058822
17-06-2030 00:00:00,1916.382,11489.519277013627,1.1729663795496368,1804.6465562322228,5000.0,8500.0,0.0,2941.465742784785,0.0,31653.186542410185
17-06-2030 01:00:00,1890.682,10870.348594974066,1.9596264664332257,1393.2012332370944,5000.0,8500.0,0.0,2829.8375987396503,0.0,30486.029053417245
17-06-2030 02:00:00,1844.3810000000003,9832.16147826433,1.2572513888585928,1106.824325047369,5000.0,8500.0,0.0,3618.8966837999214,0.0,29903.52073850048
17-06-2030 03:00:00,1768.837,9586.650584963212,4.4460342410474265,838.2075470397501,5000.0,8500.0,0.0,3768.449680178903,0.0,29466.59084642291
17-06-2030 04:00:00,1386.548,9099.269795420892,54.096928474798226,625.8680950300684,5000.0,8500.0,0.0,4493.886673463163,0.0,29159.669492388923
17-06-2030 05:00:00,1393.141,8062.2286263231945,1674.0758786452589,250.41368277030804,5000.0,8500.0,0.0,4661.4671057032065,0.0,29541.32629344197
17-06-2030 06:00:00,1963.3179999999998,6853.382099748993,6252.283061790679,389.26246358996394,5000.0,8500.0,0.0,2920.1203761374636,0.0,31878.3660012671
17-06-2030 07:00:00,2561.178,5919.847021502117,11794.359563891769,5101.635462119501,692.2112935596706,8500.0,0.0,0.0,0.0,34569.23134107306
17-06-2030 08:00:00,2874.628,5761.1835726985655,16405.66968444328,11587.855102886573,0.0,577.6280889855007,0.0,0.0,0.0,37206.96444901392
17-06-2030 09:00:00,3815.1549999999997,5866.249809093482,19757.810932174423,9355.0984626612,0.0,0.0,0.0,0.0,0.0,38794.314203929105
17-06-2030 10:00:00,3753.44,6041.954544244667,21759.945138302468,8320.692267558863,0.0,0.0,0.0,0.0,0.0,39876.031950106
17-06-2030 11:00:00,3555.8379999999997,5952.026256081009,22832.015337958506,8271.44016554044,0.0,0.0,0.0,0.0,0.0,40611.31975957995
17-06-2030 12:00:00,3225.428,5925.8450020325745,22849.1603136021,8606.02085494665,0.0,0.0,0.0,0.0,0.0,40606.454170581324
17-06-2030 13:00:00,2727.9610000000002,6224.3870372351785,21849.56819820099,8995.293172891921,0.0,0.0,0.0,0.0,0.0,39797.20940832809
17-06-2030 14:00:00,2893.333,6923.083722230362,19602.38937500871,9640.974642455652,0.0,0.0,0.0,0.0,0.0,39059.780739694725
17-06-2030 15:00:00,2495.598,7739.365283024216,16335.123131651686,11875.46236983094,0.0,0.0,0.0,0.0,0.0,38445.54878450684
17-06-2030 16:00:00,2179.3759999999997,8752.195596807425,11907.533260141368,15359.077382867377,0.0,0.0,0.0,0.0,0.0,38198.18223981617
17-06-2030 17:00:00,2173.826,9849.920707694204,6820.174383262098,18993.62369228091,0.0,0.0,0.0,0.0,0.0,37837.544783237216
17-06-2030 18:00:00,2522.5750000000003,10090.693965600993,2499.9355186082876,22609.31777510016,0.0,0.0,0.0,0.0,0.0,37722.52225930944
17-06-2030 19:00:00,2672.7070000000003,10826.60732097737,248.57756370443832,10722.400391199008,4703.768717002218,8500.0,0.0,0.0,0.0,37674.06099288303
17-06-2030 20:00:00,2504.787,11975.671279357499,7.34684331143066,4054.9574859741233,5000.0,8500.0,0.0,5690.658570023352,0.0,37733.4211786664
17-06-2030 21:00:00,2271.785,11992.093241178147,2.6900965471108433,4032.7607839109824,5000.0,8500.0,0.0,4022.694074805746,0.0,35822.023196441995
17-06-2030 22:00:00,2275.795,11357.577511941294,0.45654380042351145,3847.3314590049768,5000.0,8500.0,0.0,2661.273433866063,0.0,33642.43394861276
17-06-2030 23:00:00,1870.041,10108.019273387754,4.284487973205261,3568.166575620299,5000.0,8500.0,0.0,2465.270972107435,0.0,31515.782309088692
18-06-2030 00:00:00,1819.4919999999997,8389.987394704907,1.3626076504947875,3221.3110947371815,5000.0,8500.0,0.0,2768.569891944717,0.0,29700.722989037302
18-06-2030 01:00:00,1812.5769999999998,6873.454920485089,1.8402227032455383,2325.462719888943,5000.0,8500.0,0.0,4088.1542593880513,0.0,28601.48912246533
18-06-2030 02:00:00,2165.3450000000003,6205.0538556634765,1.5030826660097145,2020.6612339343042,5000.0,8500.0,0.0,4114.156351008198,0.0,28006.719523271993
18-06-2030 03:00:00,2192.9309999999996,5648.34224940754,4.36174923173847,1807.7473116186543,5000.0,8500.0,0.0,4312.867587045501,0.0,27466.249897303434
18-06-2030 04:00:00,1691.853,5556.579656116186,52.86777208904262,1260.3809299656127,5000.0,8500.0,0.0,4848.139781248523,0.0,26909.82113941936
18-06-2030 05:00:00,1401.0629999999999,5585.81808537745,1756.9561377990656,461.52805954918966,5000.0,8500.0,0.0,3874.958169706002,0.0,26580.323452431705
18-06-2030 06:00:00,1402.489,5239.795160562973,6450.837472470253,737.6060302054098,5000.0,8500.0,0.0,416.9479017459398,0.0,27747.675564984576
18-06-2030 07:00:00,1410.4679999999998,4997.599823089441,11942.167375216575,7513.753220932831,0.0,3992.6280413147724,0.0,0.0,0.0,29856.616460553618
18-06-2030 08:00:00,1606.4399999999998,5442.809346034682,16477.803604910197,8468.087186289493,0.0,0.0,0.0,0.0,0.0,31995.14013723437
18-06-2030 09:00:00,1813.917,5926.044211514184,19621.156837081508,6104.597707586589,0.0,0.0,0.0,0.0,0.0,33465.71575618228
18-06-2030 10:00:00,2132.546,6237.702514565372,21722.459380412307,4826.261983317384,0.0,0.0,0.0,0.0,0.0,34918.969878295065
18-06-2030 11:00:00,2078.966,6102.38996727451,22634.507466144518,5048.393075531138,0.0,0.0,0.0,0.0,0.0,35864.256508950166
18-06-2030 12:00:00,2124.9610000000002,5960.249071217964,22477.217591272456,6037.311279493653,0.0,0.0,0.0,0.0,0.0,36599.73894198408
18-06-2030 13:00:00,2068.6169999999997,6096.831825500478,21373.793368153485,6832.787183193912,0.0,0.0,0.0,0.0,0.0,36372.02937684787
18-06-2030 14:00:00,1909.335,6747.11863409331,18996.05004179086,8180.41843991477,0.0,0.0,0.0,0.0,0.0,35832.92211579894
18-06-2030 15:00:00,1736.336,7136.608673320884,15400.093333381234,11162.657423248133,0.0,0.0,0.0,0.0,0.0,35435.695429950254
18-06-2030 16:00:00,2166.228,7566.082619590034,11253.917060451968,14494.815039375539,0.0,0.0,0.0,0.0,0.0,35481.04271941754
18-06-2030 17:00:00,2415.5209999999997,8796.99011697422,6513.405044380601,17796.970623451023,0.0,0.0,0.0,0.0,0.0,35522.88678480584
18-06-2030 18:00:00,2792.254,10090.198900453624,2508.729254579523,20486.50337955325,0.0,0.0,0.0,0.0,0.0,35877.6855345864
18-06-2030 19:00:00,3237.4399999999996,10691.426922550543,278.40743324903303,22357.043098274415,0.0,0.0,0.0,0.0,0.0,36564.31745407399
18-06-2030 20:00:00,3912.2299999999996,10183.409214136089,6.532088221444086,4821.048048449602,5000.0,8500.0,0.0,5634.250055168472,0.0,38057.4694059756
18-06-2030 21:00:00,3006.429,10520.588026915517,2.1071252327238987,2812.336686190616,5000.0,8500.0,0.0,6585.64700597358,0.0,36427.10784431244
18-06-2030 22:00:00,2244.684,11019.584109895479,0.37225879111455545,2513.3698805725,5000.0,8500.0,0.0,4856.0428117759,0.0,34134.053061034996
18-06-2030 23:00:00,1361.161,10878.950105363188,5.085195561640343,2381.103283620024,5000.0,8500.0,0.0,3573.401988692305,0.0,31699.70157323716
19-06-2030 00:00:00,1185.4070000000002,10736.306254674857,1.4047501551492658,1996.353526529956,5000.0,8500.0,0.0,2861.4242898747707,0.0,30280.89582123473
19-06-2030 01:00:00,1120.251,10744.051756004386,1.9806977187604646,1495.3046784617377,5000.0,8500.0,0.0,2575.2253095663636,0.0,29436.813441751252
19-06-2030 02:00:00,1119.077,10739.39301545426,1.2291563857556076,1192.5519058874197,5000.0,8500.0,0.0,2654.7119397282368,0.0,29206.96301745567
19-06-2030 03:00:00,1188.265,10798.114447993812,3.0623553382253994,862.8197929195516,5000.0,8500.0,0.0,3210.4732887843893,0.0,29562.734885035978
19-06-2030 04:00:00,1267.275,10779.836484963313,48.96959040850341,791.3916777678219,5000.0,8500.0,0.0,5066.419263886408,0.0,31453.892017026043
19-06-2030 05:00:00,1791.305,10115.439333484954,1454.6749756632707,424.1944109902333,5000.0,8500.0,81.59836571121559,7000.0,0.0,34367.21208584967
19-06-2030 06:00:00,2743.382,8943.716775850007,5382.616288239321,282.97853565682817,5000.0,8500.0,0.0,6907.974877312605,0.0,37760.66847705876
19-06-2030 07:00:00,3537.088,8908.316659256565,10347.04547904148,5264.563546486916,3855.400796530739,8500.0,0.0,0.0,0.0,40412.4144813157
19-06-2030 08:00:00,3901.5960000000005,9330.765019649527,14647.786411541818,10424.234352167197,0.0,4048.8188377333136,0.0,0.0,0.0,42353.200621091855
19-06-2030 09:00:00,2673.993,9577.747301795014,17953.47257164217,11400.259402007458,0.0,1606.991362806406,0.0,0.0,0.0,43212.46363825105
19-06-2030 10:00:00,3610.119,9486.426519631192,20075.05970721333,11259.980390904935,0.0,0.0,0.0,0.0,0.0,44431.58561774946
19-06-2030 11:00:00,3564.735,9870.19668265412,20809.090829534256,11067.456220074493,0.0,0.0,0.0,0.0,0.0,45311.47873226287
19-06-2030 12:00:00,3415.942,10487.189866993704,20687.917081151078,10225.50207117679,0.0,0.0,0.0,0.0,0.0,44816.551019321574
19-06-2030 13:00:00,2682.343,11437.176492627805,19561.841261780326,10876.535553745918,0.0,0.0,0.0,0.0,0.0,44557.89630815405
19-06-2030 14:00:00,2324.805,13234.639700453232,16661.242903920363,12159.90664067014,0.0,0.0,0.0,0.0,0.0,44380.594245043736
19-06-2030 15:00:00,1927.165,14302.942951565978,12530.645310211707,11068.568179581627,0.0,4534.924424649007,0.0,0.0,0.0,44364.24586600832
19-06-2030 16:00:00,2060.773,14322.418143857243,8363.552307472268,9042.432547772632,1463.3680179975836,8500.0,0.0,0.0,0.0,43752.544017099724
19-06-2030 17:00:00,2523.789,12377.577394691361,4487.081040580888,7553.689289191113,5000.0,8500.0,0.0,2376.2142048981405,0.0,42818.3509293615
19-06-2030 18:00:00,2214.8489999999997,13176.995182537039,1575.7012252801558,5711.716005728921,5000.0,8500.0,0.0,5635.415817176639,0.0,41814.67723072276
19-06-2030 19:00:00,2035.1209999999999,13692.606519705938,119.01043314424582,3510.574197114724,5000.0,8500.0,1343.522372689844,7000.0,0.0,41200.83452265475
19-06-2030 20:00:00,2088.628,13637.480719690888,2.00879272186345,2559.7912340921366,5000.0,8500.0,1267.5661258708315,7000.0,0.0,40055.474872375715
19-06-2030 21:00:00,1704.895,12602.356695307299,2.191410242032855,2288.115228672011,5000.0,8500.0,217.03294344240203,7000.0,0.0,37314.59127766374
19-06-2030 22:00:00,1903.296,10730.134705487153,0.8920163485197838,2037.8192084944922,5000.0,8500.0,131.01485529724232,7000.0,0.0,35303.156785627405
19-06-2030 23:00:00,1531.984,9388.567327254128,1.5943914260944165,1513.4939310410732,5000.0,8500.0,625.4416508342802,7000.0,0.0,33561.081300555576
20-06-2030 00:00:00,1390.866,8367.330767821195,5.5487631128396,1113.434194230499,5000.0,8500.0,794.2893573804213,7000.0,0.0,32171.469082544958
20-06-2030 01:00:00,1217.754,8284.193353372226,9.580396058117993,1090.1992928192244,5000.0,8500.0,460.5702976660905,7000.0,0.0,31562.297339915658
20-06-2030 02:00:00,1368.158,7096.2677671092915,12.47418137772548,1093.4453961143947,5000.0,8500.0,1111.6575591808141,7000.0,0.0,31182.002903782224
20-06-2030 03:00:00,1378.313,6253.305942377423,14.384641588728483,946.7409068938463,5000.0,8500.0,2261.111016354069,7000.0,0.0,31353.855507214066
20-06-2030 04:00:00,1551.1039999999998,6405.602577253872,48.66054537437057,704.342123091145,5000.0,8500.0,3662.0154055093335,7000.0,0.0,32871.724651228724
20-06-2030 05:00:00,1684.687,6819.319250764776,1267.4849937388553,534.1397219577939,5000.0,8500.0,4633.567687567862,7000.0,0.0,35439.198654029286
20-06-2030 06:00:00,2296.0879999999997,7028.76731078116,5086.972570586607,690.0495787318115,5000.0,8500.0,2803.189623938626,7000.0,0.0,38405.06708403821
20-06-2030 07:00:00,2728.101,6957.903961718917,9880.183788728396,6350.80383912525,5000.0,8500.0,0.0,1483.732403646287,0.0,40900.72499321886
20-06-2030 08:00:00,2583.306,6915.1350666770095,14424.768276910318,12611.941861216523,0.0,6268.019086881899,0.0,0.0,0.0,42803.17029168575
20-06-2030 09:00:00,2786.71,6745.485510818329,17882.08316875749,13363.002954973768,0.0,2862.575341341706,0.0,0.0,0.0,43639.85697589129
20-06-2030 10:00:00,3490.3869999999997,6017.445860893315,20543.522812703286,14021.152128401867,0.0,753.1905246405095,0.0,0.0,0.0,44825.69832663898
20-06-2030 11:00:00,3699.911,5364.403649866728,21742.05564507664,14162.021937285896,0.0,586.3659499654295,0.0,0.0,0.0,45554.758182194695
20-06-2030 12:00:00,3286.408,5229.493466281297,21878.07760259974,13962.556157193092,0.0,711.8586798168726,0.0,0.0,0.0,45068.393905891004
20-06-2030 13:00:00,3327.346,5257.597782157156,21002.37742713202,13569.729209174531,0.0,1487.4533738660648,0.0,0.0,0.0,44644.50379232977
20-06-2030 14:00:00,3515.654,5809.652620234069,18649.849366054317,12933.700603190708,0.0,3898.3524989650905,0.0,0.0,0.0,44807.209088444186
20-06-2030 15:00:00,4004.6130000000003,6732.793302757331,15072.477502197318,12581.619518921972,0.0,6469.616490672473,0.0,0.0,0.0,44861.11981454909
20-06-2030 16:00:00,3003.807,8922.718913065644,10329.514197105216,12400.675215199914,607.5061053256723,8500.0,0.0,0.0,0.0,43764.221430696445
20-06-2030 17:00:00,2746.406,7890.867052345328,5999.069822574248,11550.521454327618,5000.0,8500.0,0.0,1027.946866223314,0.0,42714.81119547051
20-06-2030 18:00:00,3414.848,6335.573541169067,2505.5826142319884,8526.717403579754,5000.0,8500.0,229.8999067065888,7000.0,0.0,41512.62146568739
20-06-2030 19:00:00,3448.5209999999997,6072.6328044126185,291.23982591632154,5263.082382083577,5000.0,8500.0,5224.044729634708,7000.0,0.0,40799.52074204723
20-06-2030 20:00:00,3066.8559999999998,7140.817713259061,7.9227908750418585,4129.1541327208815,5000.0,8500.0,5258.407007707363,7000.0,0.0,40103.15764456234
20-06-2030 21:00:00,1861.385,7299.885498139147,8.386358426241117,4063.4499566418717,5000.0,8500.0,3819.703701829745,7000.0,0.0,37552.81051503701
20-06-2030 22:00:00,2363.6220000000003,7110.835700091193,3.9894904406239147,3750.5643584297504,5000.0,8500.0,1854.0139158674065,7000.0,0.0,35583.02546482898
20-06-2030 23:00:00,2097.214,6000.199447950755,0.8990400992955302,3245.189679744301,5000.0,8500.0,1971.9521256099324,7000.0,0.0,33815.454293404284
21-06-2030 00:00:00,1477.6660000000002,4952.757966016126,0.4776150527507504,3045.530102439848,5000.0,8500.0,2343.3405517146784,7000.0,0.0,32319.772235223405
21-06-2030 01:00:00,1528.2839999999999,3982.1580899631467,1.236180136531354,2476.5484103586236,5000.0,8500.0,3170.2146980704165,7000.0,0.0,31658.441378528718
21-06-2030 02:00:00,1423.406,3282.3292639536644,1.3345126473918025,1918.509339406748,5000.0,8500.0,4156.654921146335,7000.0,0.0,31282.234037154136
21-06-2030 03:00:00,1444.2350000000001,3033.8026152329226,3.483780384770179,1702.85457081202,5000.0,8500.0,4625.883863356576,7000.0,0.0,31310.25982978629
21-06-2030 04:00:00,1739.2130000000002,2977.0910288494156,39.24169558409475,1186.4819003653204,5000.0,8500.0,6276.722908312757,7000.0,0.0,32718.75053311159
21-06-2030 05:00:00,2080.633,2698.9610622129753,1501.8254146208558,978.5028856178083,5000.0,8500.0,7421.5946982098285,7000.0,0.0,35181.51706066147
21-06-2030 06:00:00,2474.049,2107.9775356356868,6053.47579608318,1108.7000052030007,5000.0,8500.0,5786.214394221282,7000.0,0.0,38030.41673114315
21-06-2030 07:00:00,3695.4440000000004,1513.10843798145,11532.464968716515,5975.7439426177825,5000.0,8500.0,0.0,4349.600367916806,0.0,40566.361717232554
21-06-2030 08:00:00,3756.328,1289.703880025732,16171.041289779476,11942.780853369199,613.9401854596854,8500.0,0.0,0.0,0.0,42273.79420863409
21-06-2030 09:00:00,3893.6130000000003,1176.2590111765612,19514.283445277746,14060.901320777488,0.0,4631.243388681371,0.0,0.0,0.0,43276.30016591316
21-06-2030 10:00:00,4205.928,1257.4773085403172,21592.281183534622,14898.15372441695,0.0,2643.5646743310917,0.0,0.0,0.0,44597.40489082298
21-06-2030 11:00:00,3936.803,1514.0098115764574,22579.328880050256,14872.800896335482,0.0,2635.2725916371473,0.0,0.0,0.0,45538.21517959934
21-06-2030 12:00:00,3985.932,2179.3181985053516,22443.489540047318,14554.544346829003,0.0,1916.9818576659745,0.0,0.0,0.0,45080.26594304765
21-06-2030 13:00:00,3298.883,2586.0566230465884,21339.117110573625,14549.837843117455,0.0,3030.979028987176,0.0,0.0,0.0,44804.873605724846
21-06-2030 14:00:00,3485.493,2924.20781478081,18936.439468957095,14392.287631373385,0.0,5133.980065914615,0.0,0.0,0.0,44872.407981025906
21-06-2030 15:00:00,3549.8320000000003,2839.9185356064904,15889.887569977125,13973.914058061697,0.0,8406.521513480087,0.0,0.0,0.0,44660.0736771254
21-06-2030 16:00:00,3774.7039999999997,2893.3362622445643,12207.749439549096,13562.98091341165,2813.9680254543728,8500.0,0.0,0.0,0.0,43752.73864065968
21-06-2030 17:00:00,3386.196,2808.609116684924,7358.453571462969,11656.888438208602,5000.0,8500.0,0.0,4144.793032274756,0.0,42854.94015863125
21-06-2030 18:00:00,3246.2639999999997,3095.7232337048677,2888.826551559811,8438.615806896965,5000.0,8500.0,3655.1734401183276,7000.0,0.0,41824.60303227997
21-06-2030 19:00:00,2421.897,3985.012110952154,299.76665935807756,5380.329695133024,5000.0,8500.0,8423.097968464932,7000.0,0.0,41010.10343390819
21-06-2030 20:00:00,2335.289,4748.236889020159,6.145781928778038,4104.784133355644,5000.0,8500.0,8619.47915567871,7000.0,0.0,40313.934959983286
21-06-2030 21:00:00,1623.339,4923.8075029362,1.5803439245429243,4045.5860065249517,5000.0,8500.0,6727.85666861583,7000.0,0.0,37822.169522001524
21-06-2030 22:00:00,2166.862,4862.871097645675,1.791056447815314,3979.7295612082166,5000.0,8500.0,4285.857665467269,7000.0,0.0,35797.111380768976
21-06-2030 23:00:00,1461.5629999999999,4790.445630668232,0.9552301055015008,3866.420484352697,5000.0,8500.0,3178.1645807628847,7000.0,0.0,33797.548925889314
22-06-2030 00:00:00,1310.5439999999999,4528.873719458689,0.8147550899865741,3529.2064147492647,5000.0,8500.0,2435.1527082497196,7000.0,0.0,32304.59159754766
22-06-2030 01:00:00,1321.3,4508.86993171127,1.0395151148104569,2974.987917398528,5000.0,8500.0,2189.538718189702,7000.0,0.0,31495.73608241431
22-06-2030 02:00:00,1385.0390000000002,4038.2365452219333,1.2080851334283684,2390.474763069195,5000.0,8500.0,2837.4617292459516,7000.0,0.0,31152.42012267051
22-06-2030 03:00:00,1329.914,3692.878309469858,6.475898215238115,1711.125558952167,5000.0,8500.0,4043.591882556386,7000.0,0.0,31283.98564919365
22-06-2030 04:00:00,1352.705,3383.247603914662,35.35756140510702,1132.509376920244,5000.0,8500.0,6382.076119052766,7000.0,0.0,32785.89566129278
22-06-2030 05:00:00,1851.87,2954.2450543396185,1475.437182956377,1009.8011352996032,5000.0,8500.0,7493.898045516828,7000.0,0.0,35285.25141811243
22-06-2030 06:00:00,2573.846,1797.3093628792344,6045.307173930986,1169.55925099071,5000.0,8500.0,5915.006785790458,7000.0,0.0,38001.028573591386
22-06-2030 07:00:00,3346.797,1046.2994790648056,11438.051710788935,6456.264128908865,5000.0,8500.0,0.0,4845.12140885141,0.0,40632.53372761401
22-06-2030 08:00:00,3574.672,831.0782888239406,16067.349657077135,12418.712198541525,1010.2389901955612,8500.0,0.0,0.0,0.0,42402.05113463816
22-06-2030 09:00:00,3631.1180000000004,963.0614736894779,19309.02837635811,13538.984665811742,0.0,5979.296825773152,0.0,0.0,0.0,43421.489341632485
22-06-2030 10:00:00,4024.224,1447.46792760538,21384.28685181245,13851.82181472095,0.0,4107.777307383063,0.0,0.0,0.0,44815.57790152184
22-06-2030 11:00:00,3572.946,2172.8685449918376,22379.34864796321,14351.659430216347,0.0,3077.7409354633746,0.0,0.0,0.0,45554.56355863476
22-06-2030 12:00:00,2923.964,2949.049828848917,22332.654752806044,14524.166633902558,0.0,2364.443623806219,0.0,0.0,0.0,45094.27883936374
22-06-2030 13:00:00,2871.977,3756.7298792536476,21151.070231054568,14506.856390104642,0.0,2490.7981833596805,0.0,0.0,0.0,44777.431683772535
22-06-2030 14:00:00,2737.088,4357.044693528927,19193.49469984786,14624.013725877252,0.0,4135.538818602894,0.0,0.0,0.0,45047.179937856934
22-06-2030 15:00:00,2735.62,4348.3840120066525,16402.761851622123,14368.2221704836,0.0,7209.124153459839,0.0,0.0,0.0,45064.11218757222
22-06-2030 16:00:00,2471.4719999999998,4829.841771120505,12587.355073975079,14006.035945893014,1695.5111026165068,8500.0,0.0,0.0,0.0,44090.215893605106
22-06-2030 17:00:00,2035.54,5553.445558430262,7722.6701679392945,13412.89189431618,5000.0,8500.0,0.0,885.738648593946,0.0,43110.286269279684
22-06-2030 18:00:00,1781.19,5913.985134577909,3241.6084817732212,10710.493597764138,5000.0,8500.0,0.0,6787.093505973942,0.0,41934.37072008921
22-06-2030 19:00:00,1760.77,6219.52119771902,391.66541450794256,6195.253891458587,5000.0,8500.0,5840.3263141314055,7000.0,0.0,40907.53681781695
22-06-2030 20:00:00,1722.278,5986.734070416577,3.8841341789877193,4421.441855865991,5000.0,8500.0,7555.232444716574,7000.0,0.0,40189.570505178126
22-06-2030 21:00:00,1402.681,6336.2678157980445,3.9684191882966755,4330.4056156924735,5000.0,8500.0,5283.295041433055,7000.0,0.0,37856.61789211187
22-06-2030 22:00:00,1462.209,6641.3975704915165,1.8542702047970308,4195.501992395733,5000.0,8500.0,3420.427908358026,7000.0,0.0,36221.39074145008
22-06-2030 23:00:00,1191.809,6996.487485275909,1.3907026535977731,3830.505708236192,5000.0,8500.0,1626.1214491458559,7000.0,0.0,34146.314345311555
23-06-2030 00:00:00,1237.4109999999998,7028.319582540314,0.9060638500712765,3751.6856137257373,5000.0,8500.0,0.0,6916.472499035055,0.0,32434.794759151177
23-06-2030 01:00:00,1213.996,6360.05855606716,1.236180136531354,3657.0779677946334,5000.0,8500.0,0.0,6648.539478048166,0.0,31380.90818204649
23-06-2030 02:00:00,1174.879,5947.602227692382,1.3134413950645636,3429.781523842811,5000.0,8500.0,73.15361982745526,7000.0,0.0,31126.729812757716
23-06-2030 03:00:00,1133.3880000000001,5209.945296259143,6.953513267988866,2934.7819173097296,5000.0,8500.0,1246.1009179876419,7000.0,0.0,31031.169644824502
23-06-2030 04:00:00,1172.518,4456.819058248996,44.93795746322501,1971.4090568587508,5000.0,8500.0,4263.420376667404,7000.0,0.0,32409.104449238377
23-06-2030 05:00:00,1504.424,4236.678774472136,1539.1074837385174,936.0128469631117,5000.0,8500.0,6116.528536065442,7000.0,0.0,34832.75164123921
23-06-2030 06:00:00,2582.33,3402.975259707374,6243.791347102801,1476.7762807620106,5000.0,8500.0,3039.043155631094,7000.0,0.0,37244.91604320328
23-06-2030 07:00:00,3209.9410000000003,2641.4901129540235,11763.286490459868,9055.23008507065,4779.262720160959,8500.0,0.0,0.0,0.0,39949.2104086455
23-06-2030 08:00:00,3815.593,2030.0570427595749,16641.260332963364,13155.90294900768,0.0,6244.263870291834,0.0,0.0,0.0,41887.07719502245
23-06-2030 09:00:00,4138.494,1580.8475512132934,20068.21155020698,14384.245047089826,0.0,2660.7603007274374,0.0,0.0,0.0,42832.558449237535
23-06-2030 10:00:00,4306.2429999999995,1650.8292503915782,22176.446535553445,14790.215598855786,0.0,1054.9622089555542,0.0,0.0,0.0,43978.696593756365
23-06-2030 11:00:00,4081.107,2082.0132424088065,23163.803277103216,14877.881151812358,0.0,657.0936374644789,0.0,0.0,0.0,44861.898308788856
23-06-2030 12:00:00,3410.365,2896.683376009835,23289.28258471192,14560.64081394465,0.0,0.0,0.0,0.0,0.0,44156.9717746664
23-06-2030 13:00:00,2487.843,3819.0390548332866,22552.512199588455,14318.815637278916,0.0,0.0,0.0,0.0,0.0,43178.20989170066
23-06-2030 14:00:00,2503.3489999999997,4859.920430472519,20859.85850014135,14762.988507420623,0.0,0.0,0.0,0.0,0.0,42986.11643803449
23-06-2030 15:00:00,1802.8830000000003,6094.725333160285,18040.152679965657,15671.281908798444,0.0,1166.2962006891848,0.0,0.0,0.0,42775.33912261357
23-06-2030 16:00:00,1614.613,7330.719575624396,14046.286442608456,14442.245784005669,0.0,4539.041382719906,0.0,0.0,0.0,41972.906184958425
23-06-2030 17:00:00,1598.2,8211.148561867798,8925.54367829206,13456.267863081284,538.6733298454892,8500.0,0.0,0.0,0.0,41229.83343308663
23-06-2030 18:00:00,1719.176,8547.881618777488,3673.5410594785176,9933.968934661616,5000.0,8500.0,0.0,2700.174991892678,0.0,40074.7426048103
23-06-2030 19:00:00,1714.982,8962.132804857862,380.357175758991,6047.518124218891,5000.0,8500.0,810.7812749994446,7000.0,0.0,38415.77137983518
23-06-2030 20:00:00,1689.993,9244.753860500501,6.019354414814604,4584.363018904419,5000.0,8500.0,1227.3771282214148,7000.0,0.0,37252.50636204115
23-06-2030 21:00:00,1454.798,9389.981517336448,4.741031773628773,4457.633485141999,5000.0,8500.0,0.0,6381.75872168734,0.0,35188.91275593942
23-06-2030 22:00:00,1643.9660000000001,9419.947751535476,1.8472464540212845,4440.3093986861095,5000.0,8500.0,0.0,5187.7320972626585,0.0,34193.80249393827
23-06-2030 23:00:00,1428.669,9028.518871511638,1.2080851334283684,4448.518094865368,5000.0,8500.0,0.0,4145.238714287854,0.0,32552.15276579829
24-06-2030 00:00:00,1258.414,8900.308832570063,0.9763013578287398,4433.478046975377,5000.0,8500.0,0.0,2973.80319895118,0.0,31066.980379854453
24-06-2030 01:00:00,1148.015,8854.672109941414,1.5522489214399389,4422.2724153445,5000.0,8500.0,0.0,2003.477768445713,0.0,29929.989542653064
24-06-2030 02:00:00,1173.1180000000002,8120.811992885396,1.1729663795496368,4385.181013300108,5000.0,8500.0,0.0,2108.61556362766,0.0,29288.899536192712
24-06-2030 03:00:00,1318.337,6514.098767000474,6.012330664038858,3871.1823586961455,5000.0,8500.0,0.0,3685.7402416223267,0.0,28895.370697982988
24-06-2030 04:00:00,1223.578,5601.999417923281,33.96685875150925,2081.8111755394916,5000.0,8500.0,0.0,6088.5122001911295,0.0,28529.867652405414
24-06-2030 05:00:00,1224.74,5180.083597728684,1311.7135523737302,1025.0626657171965,5000.0,8500.0,0.0,6499.4343991266105,0.0,28741.034214946223
24-06-2030 06:00:00,1405.108,4112.742863715203,5108.4090579541835,929.2645512002302,5000.0,8500.0,0.0,5196.956308613062,0.0,30252.48078148268
24-06-2030 07:00:00,1948.597,3091.6857900528303,10068.399238266073,1591.0543436757905,5000.0,8500.0,0.0,2594.5281023757416,0.0,32794.26447437044
24-06-2030 08:00:00,2351.614,2649.503856753842,14946.155344495524,4181.963872896045,2548.1928917572022,8500.0,0.0,0.0,0.0,35177.429965902615
24-06-2030 09:00:00,2318.48,3176.673288598337,18476.250341880976,8547.467547884491,0.0,3975.965664809657,0.0,0.0,0.0,36494.83684317346
24-06-2030 10:00:00,2650.334,3573.307255968401,20583.136767078497,10815.318479330686,0.0,0.0,0.0,0.0,0.0,37622.096502377586
24-06-2030 11:00:00,2388.226,5018.658829378062,21881.519240479858,9077.34905507127,0.0,0.0,0.0,0.0,0.0,38365.75312492919
24-06-2030 12:00:00,2289.0800000000004,5892.582935717008,22258.63846713123,7941.410853996484,0.0,0.0,0.0,0.0,0.0,38381.71225684472
24-06-2030 13:00:00,1915.712,6689.553011021316,21630.00574895116,7518.975139608089,0.0,0.0,0.0,0.0,0.0,37754.245899580565
24-06-2030 14:00:00,1703.718,8301.52852301451,19433.742095132264,7683.31458229087,0.0,0.0,0.0,0.0,0.0,37122.303200437644
24-06-2030 15:00:00,1397.5189999999998,8819.713804475503,16317.324947185944,10353.224059041911,0.0,0.0,0.0,0.0,0.0,36887.78181070336
24-06-2030 16:00:00,1449.6839999999997,9587.498704538382,12093.31146815986,13499.022173957484,0.0,0.0,0.0,0.0,0.0,36629.51634665573
24-06-2030 17:00:00,1327.4569999999999,10173.058210576784,7054.5428991472,17793.4218163705,0.0,0.0,0.0,0.0,0.0,36348.479926094486
24-06-2030 18:00:00,1558.099,10315.662613843017,2320.619161303484,12546.024926130922,886.0087429192863,8500.0,0.0,0.0,0.0,36126.41444419671
24-06-2030 19:00:00,1812.4669999999999,9784.92319029838,181.4094350359762,3256.339940743277,5000.0,8500.0,532.6931865754923,7000.0,0.0,36067.83275265312
24-06-2030 20:00:00,2150.6910000000003,9092.534148097147,2.64093029168062,2721.2796820301364,5000.0,8500.0,1759.1105700297558,7000.0,0.0,36226.25633044872
24-06-2030 21:00:00,2109.854,8529.102673486306,5.134361817070566,2382.037663033346,5000.0,8500.0,1159.8767787036159,7000.0,0.0,34686.00547704034
24-06-2030 22:00:00,1801.376,7854.488639683785,0.9833251086044862,1954.5833060899665,5000.0,8500.0,828.0223792073884,7000.0,0.0,32939.453650089745
24-06-2030 23:00:00,1492.733,7525.767354202808,126.35727645567646,796.063574834432,5000.0,8500.0,767.3558788819391,7000.0,0.0,31208.27708437486
25-06-2030 00:00:00,1257.398,7514.013994787813,12.319658860659061,413.31408182177216,5000.0,8500.0,0.0,6719.526856046683,0.0,29416.572591516928
25-06-2030 01:00:00,1238.354,6738.67096865038,8.519809690980297,277.46915778272194,5000.0,8500.0,0.0,6713.721484416219,0.0,28476.7354205403
25-06-2030 02:00:00,1226.706,6600.814062634005,1.7418901923850896,81.23563832711736,5000.0,8500.0,0.0,6302.729603720727,0.0,27713.22719487423
25-06-2030 03:00:00,1287.6809999999998,5988.966794507495,4.734008022853026,63.21249764348323,5000.0,8500.0,0.0,6581.368520220894,0.0,27425.962820394725
25-06-2030 04:00:00,1101.6399999999999,6684.501768621284,15.311776691126997,76.1692255082156,5000.0,8500.0,0.0,5524.99729688076,0.0,26902.620067701388
25-06-2030 05:00:00,1254.237,6116.283349338483,784.7145079187071,70.09229865712852,5000.0,8500.0,0.0,4643.245863296714,0.0,26368.57301921103
25-06-2030 06:00:00,1339.886,5430.038243129482,3728.431671790975,64.22301167566856,5000.0,8500.0,0.0,3449.796754414394,0.0,27512.37568101052
25-06-2030 07:00:00,1539.903,4284.719817477842,7289.634861362207,645.1647602474155,5000.0,8500.0,0.0,2034.92655678371,0.0,29294.348995871173
25-06-2030 08:00:00,2001.182,3766.690353334151,10458.730140126623,2848.798247297139,3453.2387977872786,8500.0,0.0,0.0,0.0,31028.63953854519
25-06-2030 09:00:00,2661.4330000000004,4042.3035744405465,13238.639388406933,5856.607106754727,0.0,6566.13645508849,0.0,0.0,0.0,32365.119524690697
25-06-2030 10:00:00,2713.737,4859.415503469627,15040.779314946376,5791.2005478221845,0.0,4866.932947798366,0.0,0.0,0.0,33272.065314036554
25-06-2030 11:00:00,3101.4750000000004,5839.816091543601,15362.122936687545,4237.9158964315675,0.0,6026.344427930789,0.0,0.0,0.0,34567.6743525935
25-06-2030 12:00:00,3199.467,6679.791746422423,15112.203836584944,4918.088738698115,0.0,5324.319476581347,0.0,0.0,0.0,35233.87079828683
25-06-2030 13:00:00,2730.8129999999996,8042.05915940295,13572.822426566168,4762.601082992339,0.0,5470.666850108869,0.0,0.0,0.0,34578.96251907032
25-06-2030 14:00:00,1676.137,9888.484507540144,11205.186277569841,4288.808428477173,0.0,6954.770240281655,0.0,0.0,0.0,34013.386453868814
25-06-2030 15:00:00,1624.0620000000001,8850.591274125063,9009.519642566884,3673.938325208355,1521.897128282042,8500.0,0.0,0.0,0.0,33180.008370182346
25-06-2030 16:00:00,1664.046,8554.301686724424,7452.494570599436,3530.4453326380394,3142.9951393145147,8500.0,0.0,0.0,0.0,32844.28272927641
25-06-2030 17:00:00,1758.55,9319.055052398844,4233.94506262299,2916.66187802027,5000.0,8500.0,0.0,1146.2373880258747,0.0,32874.44938106798
25-06-2030 18:00:00,2191.931,8288.238686508683,1694.8170146860377,2973.8112914706408,5000.0,8500.0,0.0,4618.207108812607,0.0,33267.00510147797
25-06-2030 19:00:00,2281.61,8581.812318897666,160.0642564284831,1304.1029651800968,5000.0,8500.0,1357.260269674527,7000.0,0.0,34184.84981018077
25-06-2030 20:00:00,2460.116,9183.945659331805,12.663822648670632,458.039709739454,5000.0,8500.0,2919.2151360028,7000.0,0.0,35533.980327722726
25-06-2030 21:00:00,2231.185,9206.130889521406,12.26346885445309,125.43524524174386,5000.0,8500.0,2034.3212653043338,7000.0,0.0,34109.33586892194
25-06-2030 22:00:00,2113.535,7342.427570503974,11.020264967145991,61.94589443875779,5000.0,8500.0,2202.0951619783955,7000.0,0.0,32231.02389188827
25-06-2030 23:00:00,1630.991,6290.007823900199,10.303842388019863,67.97437198693187,5000.0,8500.0,1993.174592620293,7000.0,0.0,30492.451630895448
26-06-2030 00:00:00,1237.667,5442.197910992117,10.500507409740761,134.6890620981259,5000.0,8500.0,1770.3892371069414,7000.0,0.0,29095.443717606926
26-06-2030 01:00:00,1269.472,5133.740766244426,7.536484582375811,168.88042729672514,5000.0,8500.0,1330.933732035308,7000.0,0.0,28410.563410158833
26-06-2030 02:00:00,1284.566,4533.891431549936,2.043911475742182,169.60024551143255,5000.0,8500.0,1780.1382349010382,7000.0,0.0,28270.239823438147
26-06-2030 03:00:00,1171.196,4833.457127356062,7.374938314533646,166.9770618251432,5000.0,8500.0,1889.592613338802,7000.0,0.0,28568.59774083454
26-06-2030 04:00:00,1552.1570000000002,4958.235240574851,18.97817459606658,165.64124533054206,5000.0,8500.0,3483.889340821741,7000.0,0.0,30678.9010013232
26-06-2030 05:00:00,2152.773,4823.855624816677,1051.4554911292253,166.24340095246075,5000.0,8500.0,4853.324758020968,7000.0,0.0,33547.65227491933
26-06-2030 06:00:00,2412.138,3994.319730196886,5136.293348533896,284.6811825877706,5000.0,8500.0,3993.8003663835625,7000.0,0.0,36321.23262770211
26-06-2030 07:00:00,2772.714,4036.7257089554646,10347.305357820183,6042.340970136187,5000.0,8500.0,0.0,2190.2044642706624,0.0,38889.2905011825
26-06-2030 08:00:00,3016.8910000000005,4130.371916652141,15340.510855550574,13260.588049944687,0.0,4754.357990982993,0.0,0.0,0.0,40502.719813130396
26-06-2030 09:00:00,2927.5110000000004,4333.490637792419,19046.494619862267,14722.79493318786,0.0,188.25407576725956,0.0,0.0,0.0,41218.545266609806
26-06-2030 10:00:00,2852.275,5126.959754385263,21322.72367626303,12926.099241398622,0.0,0.0,0.0,0.0,0.0,42228.05767204692
26-06-2030 11:00:00,2754.4809999999998,6109.668016652145,22180.723999775877,11848.213359952548,0.0,0.0,0.0,0.0,0.0,42893.08637638057
26-06-2030 12:00:00,2442.648,6731.241046697656,22255.035282983274,10818.595698360534,0.0,0.0,0.0,0.0,0.0,42247.520028041465
26-06-2030 13:00:00,2543.0389999999998,6859.6956596562595,21741.79576629794,10542.08450232444,0.0,0.0,0.0,0.0,0.0,41686.614928278635
26-06-2030 14:00:00,2760.0870000000004,6875.2379439640545,20124.16977263735,11974.024489624098,0.0,0.0,0.0,0.0,0.0,41733.5192062255
26-06-2030 15:00:00,2740.774,6854.350533961574,17388.123847951574,14899.936341910405,0.0,0.0,0.0,0.0,0.0,41883.18472382355
26-06-2030 16:00:00,2972.293,6622.494365820715,13677.897738171334,17950.531128056453,0.0,0.0,0.0,0.0,0.0,41223.2162320485
26-06-2030 17:00:00,2502.48,6230.789353842171,8657.74913246518,23184.879785362544,0.0,0.0,0.0,0.0,0.0,40575.898271669896
26-06-2030 18:00:00,2738.7870000000003,5204.239226652234,3719.932933352322,14840.858017795174,4606.942860100618,8500.0,0.0,0.0,0.0,39610.76003790034
26-06-2030 19:00:00,3830.3770000000004,4064.2028108199183,411.7322704742498,7116.5035436912085,5000.0,8500.0,3114.97265243551,7000.0,0.0,39037.788277420885
26-06-2030 20:00:00,3832.5429999999997,3857.0643973675496,18.261752016940456,4863.223363813642,5000.0,8500.0,5412.797112617976,7000.0,0.0,38483.889625816104
26-06-2030 21:00:00,3074.2369999999996,3935.649579306064,14.99570790621841,4667.771954533632,5000.0,8500.0,3816.207572243722,7000.0,0.0,36008.861813989635
26-06-2030 22:00:00,2958.631,3892.1528793263924,10.48645990818927,4549.860193901378,5000.0,8500.0,2449.0751045556754,7000.0,0.0,34360.20563769164
26-06-2030 23:00:00,2485.341,3511.2939360545192,11.125621228782185,4513.232520899154,5000.0,8500.0,1298.389909921043,7000.0,0.0,32319.382988103498
27-06-2030 00:00:00,1762.1250000000002,3509.95075133198,8.646237204943729,4515.329683582388,5000.0,8500.0,548.6686022774302,7000.0,0.0,30844.72027439674
27-06-2030 01:00:00,1584.9150000000002,3381.0720785857916,6.749824495492223,4501.618530858011,5000.0,8500.0,84.47490539765931,7000.0,0.0,30058.830339336953
27-06-2030 02:00:00,1329.215,3886.3126884843387,2.5285502792686785,4495.832299824401,5000.0,8500.0,0.0,6535.490340435663,0.0,29749.37887902367
27-06-2030 03:00:00,1239.887,4385.0267223962755,7.0799407819523,4253.011314953459,5000.0,8500.0,0.0,6609.404962863315,0.0,29994.409940995003
27-06-2030 04:00:00,1491.744,4642.920161494899,38.81324678677421,2317.696988764889,5000.0,8500.0,2630.288505092529,7000.0,0.0,31621.462902139087
27-06-2030 05:00:00,2373.5809999999997,5165.4288804181615,1274.052200714178,1246.7874398340239,5000.0,8500.0,3561.358385112235,7000.0,0.0,34121.2079060786
27-06-2030 06:00:00,3103.715,5330.924622729606,5099.601274481398,1373.3093337268165,5000.0,8500.0,1396.3488254290423,7000.0,0.0,36803.89905636686
27-06-2030 07:00:00,3921.606,5649.705157841129,9827.681251679694,4221.43621211216,5000.0,8500.0,0.0,2285.782054764666,0.0,39406.21067639765
27-06-2030 08:00:00,3128.3630000000003,7594.177073610367,13326.450320605316,6314.190008781001,1984.6069819170061,8500.0,0.0,0.0,0.0,40847.78738491369
27-06-2030 09:00:00,2660.4919999999997,10954.77199538353,15958.39021129298,6752.905367987159,0.0,4845.081413999297,0.0,0.0,0.0,41171.64098866296
27-06-2030 10:00:00,2539.9809999999998,13820.30768690241,18113.305044295055,7558.867263104248,0.0,0.0,0.0,0.0,0.0,42032.46099430171
27-06-2030 11:00:00,1902.754,17340.114376646325,19875.894230216272,3472.4626280425437,0.0,0.0,0.0,0.0,0.0,42591.22523490514
27-06-2030 12:00:00,1793.6739999999998,19439.861207660637,20024.432511621755,457.64611942812553,0.0,0.0,0.0,0.0,0.0,41715.61383871052
27-06-2030 13:00:00,1471.0040000000001,21327.749741168194,19592.584218925764,0.0,0.0,0.0,0.0,0.0,-1453.0506198056173,42391.33796009396
27-06-2030 14:00:00,1559.673,22013.41497027231,19077.6168595496,0.0,0.0,0.0,0.0,0.0,-1837.5604385785155,42650.704829821916
27-06-2030 15:00:00,1395.9099999999999,22820.250845844083,16031.865668158061,744.3661759510178,0.0,0.0,0.0,0.0,0.0,40992.392689953165
27-06-2030 16:00:00,1497.409,23973.186568703422,12255.194876039262,2540.0724959340732,0.0,0.0,0.0,0.0,0.0,40265.86294067676
27-06-2030 17:00:00,1553.863,24473.070218680656,7827.007985713007,5878.653182032525,0.0,0.0,0.0,0.0,0.0,39732.594386426186
27-06-2030 18:00:00,1561.859,23920.289548037083,3165.4499521118046,10375.787633836047,0.0,0.0,0.0,0.0,0.0,39023.38613398493
27-06-2030 19:00:00,1765.517,21661.705699561982,385.28082505278917,14722.572097466971,0.0,0.0,0.0,0.0,0.0,38535.07562208174
27-06-2030 20:00:00,1956.216,19944.46671406336,15.410109201987446,16055.35296921435,0.0,0.0,0.0,0.0,0.0,37971.445792479695
27-06-2030 21:00:00,1697.958,19126.926780504484,13.942145289856464,14575.65453612187,0.0,0.0,0.0,0.0,0.0,35414.481461916206
27-06-2030 22:00:00,1841.78,19674.778495756535,1.559272672215685,12146.697889577747,0.0,0.0,0.0,0.0,0.0,33664.8156580065
27-06-2030 23:00:00,1803.433,19226.983194292574,1.4047501551492658,10774.728963199494,0.0,0.0,0.0,0.0,0.0,31806.54990764722
28-06-2030 00:00:00,1492.17,18690.900617424355,0.9763013578287398,10096.07040821276,0.0,0.0,0.0,0.0,0.0,30280.117326994947
28-06-2030 01:00:00,1347.633,19002.977063149814,1.088681370240681,9309.904908968216,0.0,0.0,0.0,0.0,0.0,29661.603653488273
28-06-2030 02:00:00,1288.514,18991.582675275942,1.3134413950645636,5425.516502123999,0.0,3730.470693636089,0.0,0.0,0.0,29437.397312431094
28-06-2030 03:00:00,1250.7440000000001,19530.107047572208,7.241487049794465,894.8655461320038,0.0,7862.066060326936,0.0,0.0,0.0,29545.024141080943
28-06-2030 04:00:00,1682.444,19558.639367977867,29.527848261237565,712.4193140196401,751.5207347087489,8500.0,0.0,0.0,0.0,31234.551264967493
28-06-2030 05:00:00,1981.829,19823.236896462553,1163.048843454283,306.59411016241944,1770.218695000829,8500.0,0.0,0.0,0.0,33544.927545080085
28-06-2030 06:00:00,1982.391,21109.91910395535,4862.163379507294,1045.556720849393,0.0,7022.455258873785,0.0,0.0,0.0,36022.485463185825
28-06-2030 07:00:00,2026.9850000000001,23138.652685703433,9722.493560062117,3470.226183885752,0.0,0.0,0.0,0.0,0.0,38358.3574296513
28-06-2030 08:00:00,2425.3520000000003,25114.566169258276,13379.458567709871,0.0,0.0,0.0,0.0,0.0,-1390.3585942448954,40919.376736968145
28-06-2030 09:00:00,2716.417,26373.883700039605,16007.921701763542,0.0,0.0,0.0,0.0,0.0,-5112.033516768017,45098.22240180315
28-06-2030 10:00:00,2505.657,27114.408459059592,18104.56047457925,0.0,0.0,0.0,0.0,0.0,-7000.0,47570.05956487151
28-06-2030 11:00:00,1864.998,28493.395661897626,19535.403863860414,0.0,0.0,0.0,0.0,0.0,-7000.0,47882.430378583995
28-06-2030 12:00:00,1824.4499999999998,29380.092843512874,19496.09193076856,0.0,0.0,0.0,0.0,0.0,-7000.0,46785.14274761148
28-06-2030 13:00:00,1517.7369999999999,30774.851125706897,19331.525450092828,0.0,0.0,0.0,0.0,0.0,-7000.0,45837.71525779695
28-06-2030 14:00:00,1806.438,30296.493933970185,18363.217120646885,0.0,0.0,0.0,0.0,0.0,-7000.0,45879.559323185225
28-06-2030 15:00:00,1760.666,30707.964076792436,15831.695794800065,0.0,0.0,0.0,0.0,0.0,-7000.0,46002.7560366307
28-06-2030 16:00:00,2024.281,30475.879113603394,12367.912028488437,0.0,0.0,0.0,0.0,0.0,-6667.943666676219,44868.072142091834
28-06-2030 17:00:00,1944.3829999999998,29558.73049449727,7456.603464803247,0.0,0.0,0.0,0.0,0.0,-1086.5560645932965,38959.716959300524
28-06-2030 18:00:00,1961.397,27913.05504980319,3026.1198079733244,4426.669951283693,0.0,0.0,0.0,0.0,0.0,37327.24180906021
28-06-2030 19:00:00,2310.9770000000003,26090.027940085205,391.8901745327664,8005.359858510466,0.0,0.0,0.0,0.0,0.0,36798.25497312844
28-06-2030 20:00:00,2712.093,23419.997617241108,6.658515735407519,10485.707001120634,0.0,0.0,0.0,0.0,0.0,36624.45613409715
28-06-2030 21:00:00,2009.993,22680.73714809946,4.375796733289963,9409.75358221043,0.0,0.0,0.0,0.0,0.0,34104.859527043176
28-06-2030 22:00:00,1782.976,21444.028907295327,4.129965456138842,9292.408229734843,0.0,0.0,0.0,0.0,0.0,32523.543102486306
28-06-2030 23:00:00,1790.275,19441.703402272757,2.971046578140697,9509.15044505403,0.0,0.0,0.0,0.0,0.0,30744.099893904928
29-06-2030 00:00:00,1450.682,18098.958518490017,4.621628010441084,9889.946990528737,0.0,0.0,0.0,0.0,0.0,29444.209137029196
29-06-2030 01:00:00,1245.396,17616.273944548822,4.256392970102276,9895.348727661622,0.0,0.0,0.0,0.0,0.0,28761.275065180547
29-06-2030 02:00:00,1321.4389999999999,16728.95941077769,1.5662964229914316,10462.722307528973,0.0,0.0,0.0,0.0,0.0,28514.687014729654
29-06-2030 03:00:00,1381.1860000000001,15997.174228124184,7.831482114957156,11351.923151307905,0.0,0.0,0.0,0.0,0.0,28738.11486154705
29-06-2030 04:00:00,1467.243,16011.525200284526,36.81147781568651,6907.5100392092545,0.0,5603.0438639566555,0.0,0.0,0.0,30026.13358126612
29-06-2030 05:00:00,1735.829,15486.168377485576,1591.3290707561914,196.03280091496504,4515.947539869179,8500.0,0.0,0.0,0.0,32025.30678902591
29-06-2030 06:00:00,2335.241,14995.33593850942,6455.269459209748,1081.1461945034819,847.050751949917,8500.0,0.0,0.0,0.0,34214.04334417257
29-06-2030 07:00:00,2096.541,16526.755869830155,12502.185072068381,4623.557419563924,0.0,0.0,0.0,0.0,0.0,35749.039361462455
29-06-2030 08:00:00,2063.061,18200.577050193304,17284.102098962772,0.0,0.0,0.0,0.0,0.0,-598.8465406298455,37547.740149156074
29-06-2030 09:00:00,1961.4260000000004,18414.952093230102,20304.392193792228,0.0,0.0,0.0,0.0,0.0,-3319.080107851769,40680.77028702233
29-06-2030 10:00:00,1803.764,18734.79968110946,22052.414120604542,0.0,0.0,0.0,0.0,0.0,-4783.988917388218,42590.977801714005
29-06-2030 11:00:00,1652.1279999999997,19852.414182219563,22803.751764836903,0.0,0.0,0.0,0.0,0.0,-6069.824630331565,44308.29394705646
29-06-2030 12:00:00,1490.5939999999998,20971.277194239166,22917.94390494899,0.0,0.0,0.0,0.0,0.0,-7000.0,44355.267601692336
29-06-2030 13:00:00,1428.0539999999999,22623.431878013336,21866.804482604668,0.0,0.0,0.0,0.0,0.0,-7000.0,43474.985240059046
29-06-2030 14:00:00,1417.0439999999999,24080.59992671335,19997.046907347118,0.0,0.0,0.0,0.0,0.0,-7000.0,43420.4906432743
29-06-2030 15:00:00,1603.685,24633.798740031194,16615.11090882526,0.0,0.0,0.0,0.0,0.0,-6300.343855499057,42852.59464885645
29-06-2030 16:00:00,1709.1710000000003,23868.8185516797,12393.759431343184,0.0,0.0,0.0,0.0,0.0,-1813.0270278752105,37971.74898302289
29-06-2030 17:00:00,1790.7630000000001,22847.560296164604,7548.0526999034655,3597.6956061845704,0.0,0.0,0.0,0.0,0.0,35784.07160225264
29-06-2030 18:00:00,1914.3339999999998,21050.584264002126,3315.0417961336493,9235.141782272218,0.0,0.0,0.0,0.0,0.0,35515.101842407996
29-06-2030 19:00:00,2484.037,18773.107072711744,423.8060980577577,13782.576428252967,0.0,0.0,0.0,0.0,0.0,35463.526599022465
29-06-2030 20:00:00,2891.358,16774.722365157064,6.454826962910877,15657.09039766001,0.0,0.0,0.0,0.0,0.0,35329.625589779986
29-06-2030 21:00:00,2223.233,15916.454940650008,5.295908084912733,14923.505221598669,0.0,0.0,0.0,0.0,0.0,33068.48907033359
29-06-2030 22:00:00,1573.018,17243.982981357287,1.5171301675612072,12848.875950761358,0.0,0.0,0.0,0.0,0.0,31667.394062286206
29-06-2030 23:00:00,1445.921,16941.92223610327,1.3836789028220267,11471.47664030638,0.0,0.0,0.0,0.0,0.0,29860.70355531247
30-06-2030 00:00:00,1491.678,15776.207520854308,1.0114201117074715,11366.456680929829,0.0,0.0,0.0,0.0,0.0,28635.353621895843
30-06-2030 01:00:00,1473.017,15128.21457985665,0.7093988283503792,11397.382849309064,0.0,0.0,0.0,0.0,0.0,27999.323827994063
30-06-2030 02:00:00,1439.518,14310.755513513082,1.3977264043735194,12134.381676188339,0.0,0.0,0.0,0.0,0.0,27886.052916105797
30-06-2030 03:00:00,1491.015,13594.145754141833,7.388985816085138,12973.14072197756,0.0,0.0,0.0,0.0,0.0,28065.690461935475
30-06-2030 04:00:00,1734.1380000000001,12654.383900316312,42.62714345800447,15221.112678836562,0.0,0.0,0.0,0.0,0.0,29652.261722610878
30-06-2030 05:00:00,2211.521,11725.750164265482,1602.6583807574705,16269.345092463496,0.0,0.0,0.0,0.0,0.0,31809.27463748645
30-06-2030 06:00:00,2650.692,10730.065672498476,6317.807632777616,14009.651406598245,0.0,0.0,0.0,0.0,0.0,33708.21671187434
30-06-2030 07:00:00,2740.356,10505.953033316047,12012.7630942636,10352.75762412127,0.0,0.0,0.0,0.0,0.0,35611.82975170092
30-06-2030 08:00:00,2861.075,10571.159622049005,16839.519746110356,6446.899568951414,0.0,0.0,0.0,0.0,0.0,36718.65393711077
30-06-2030 09:00:00,2841.561,11308.735686266939,20254.411183272015,2705.13942306219,0.0,0.0,0.0,0.0,0.0,37109.847292601145
30-06-2030 10:00:00,2837.441,11472.432626130578,22407.429603564644,841.7352392600387,0.0,0.0,0.0,0.0,0.0,37559.03846895526
30-06-2030 11:00:00,2658.7459999999996,12058.122308661908,23124.357892746622,0.0,0.0,0.0,0.0,0.0,-180.59423416175014,37841.22620140853
30-06-2030 12:00:00,2172.728,13110.674204129726,22802.5366559527,0.0,0.0,0.0,0.0,0.0,-1578.646109072437,38085.93886008243
30-06-2030 13:00:00,2125.9500000000003,13617.039065558149,21516.150748876313,0.0,0.0,0.0,0.0,0.0,-1767.7820463397893,37259.13981443446
30-06-2030 14:00:00,1563.745,14999.509475767705,19482.634424282238,0.0,0.0,0.0,0.0,0.0,-788.6632745696752,36045.88890004995
30-06-2030 15:00:00,1456.516,16565.727950494842,15745.907702825101,1381.4471435104933,0.0,0.0,0.0,0.0,0.0,35149.59879683044
30-06-2030 16:00:00,1394.3349999999998,17579.493168181845,11944.190215439989,3812.9451357659163,0.0,0.0,0.0,0.0,0.0,34730.96351938775
30-06-2030 17:00:00,1372.767,18442.030776131338,7726.743943389227,6956.8466457323375,0.0,0.0,0.0,0.0,0.0,34498.388365252904
30-06-2030 18:00:00,1588.6979999999999,18258.15845223414,3367.509214428474,11293.559253027634,0.0,0.0,0.0,0.0,0.0,34507.924919690246
30-06-2030 19:00:00,2007.972,16409.977693813453,459.24092072139797,15440.003216408837,0.0,0.0,0.0,0.0,0.0,34317.19383094369
30-06-2030 20:00:00,2633.6569999999997,13989.911878225676,4.64972301354407,17420.783964099617,0.0,0.0,0.0,0.0,0.0,34049.00256533884
30-06-2030 21:00:00,1825.0040000000001,12775.700502245738,4.958768047676908,17392.78546746002,0.0,0.0,0.0,0.0,0.0,31998.448737753435
30-06-2030 22:00:00,1909.1170000000002,11615.439393102239,1.9736739679847186,17650.218000593464,0.0,0.0,0.0,0.0,0.0,31176.748067663688
30-06-2030 23:00:00,1747.7130000000002,11194.01074857059,6.0053069132631105,16680.399345693797,0.0,0.0,0.0,0.0,0.0,29628.12840117765
